,M1,ISO1,Language,Name,NameDescription
0,4,AFG,EN,Afghanistan,
1,248,ALA,EN,Aland Islands,
2,8,ALB,EN,Albania,
3,12,DZA,EN,Algeria,
4,16,ASM,EN,American Samoa,
5,20,AND,EN,Andorra,
6,24,AGO,EN,Angola,
7,660,AIA,EN,Anguilla,
8,10,ATA,EN,Antarctica,
9,28,ATG,EN,Antigua and Barbuda,
10,32,ARG,EN,Argentina,
11,51,ARM,EN,Armenia,
12,533,ABW,EN,Aruba,
13,36,AUS,EN,Australia,
14,40,AUT,EN,Austria,
15,31,AZE,EN,Azerbaijan,
16,44,BHS,EN,Bahamas,
17,48,BHR,EN,Bahrain,
18,50,BGD,EN,Bangladesh,
19,52,BRB,EN,Barbados,
20,112,BLR,EN,Belarus,
21,56,BEL,EN,Belgium,
22,84,BLZ,EN,Belize,
23,204,BEN,EN,Benin,
24,60,BMU,EN,Bermuda,
25,64,BTN,EN,Bhutan,
26,68,BOL,EN,Bolivia (Plurinational State of),
27,535,BES,EN,"Bonaire, Sint Eustatius and Saba",
28,70,BIH,EN,Bosnia and Herzegovina,
29,72,BWA,EN,Botswana,
30,74,BVT,EN,Bouvet Island,
31,76,BRA,EN,Brazil,
32,86,IOT,EN,British Indian Ocean Territory,
33,92,VGB,EN,British Virgin Islands,
34,96,BRN,EN,Brunei Darussalam,
35,100,BGR,EN,Bulgaria,
36,854,BFA,EN,Burkina Faso,
37,108,BDI,EN,Burundi,
38,132,CPV,EN,Cabo Verde,
39,116,KHM,EN,Cambodia,
40,120,CMR,EN,Cameroon,
41,124,CAN,EN,Canada,
42,136,CYM,EN,Cayman Islands,
43,140,CAF,EN,Central African Republic,
44,148,TCD,EN,Chad,
45,152,CHL,EN,Chile,
46,156,CHN,EN,China,
47,344,HKG,EN,"China, Hong Kong Special Administrative Region",
48,446,MAC,EN,"China, Macao Special Administrative Region",
49,162,CXR,EN,Christmas Island,
50,166,CCK,EN,Cocos (Keeling) Islands,
51,170,COL,EN,Colombia,
52,174,COM,EN,Comoros,
53,178,COG,EN,Congo,
54,184,COK,EN,Cook Islands,
55,188,CRI,EN,Costa Rica,
56,384,CIV,EN,Côte d'Ivoire,
57,191,HRV,EN,Croatia,
58,192,CUB,EN,Cuba,
59,531,CUW,EN,Curaçao,
60,196,CYP,EN,Cyprus,
61,203,CZE,EN,Czechia,
62,408,PRK,EN,Democratic People's Republic of Korea,
63,180,COD,EN,Democratic Republic of the Congo,
64,208,DNK,EN,Denmark,
65,262,DJI,EN,Djibouti,
66,212,DMA,EN,Dominica,
67,214,DOM,EN,Dominican Republic,
68,218,ECU,EN,Ecuador,
69,818,EGY,EN,Egypt,
70,222,SLV,EN,El Salvador,
71,226,GNQ,EN,Equatorial Guinea,
72,232,ERI,EN,Eritrea,
73,233,EST,EN,Estonia,
74,748,SWZ,EN,Eswatini,
75,231,ETH,EN,Ethiopia,
76,238,FLK,EN,Falkland Islands (Malvinas),
77,234,FRO,EN,Faroe Islands,
78,242,FJI,EN,Fiji,
79,246,FIN,EN,Finland,
80,250,FRA,EN,France,
81,254,GUF,EN,French Guiana,
82,258,PYF,EN,French Polynesia,
83,260,ATF,EN,French Southern Territories,
84,266,GAB,EN,Gabon,
85,270,GMB,EN,Gambia,
86,268,GEO,EN,Georgia,
87,276,DEU,EN,Germany,
88,288,GHA,EN,Ghana,
89,292,GIB,EN,Gibraltar,
90,300,GRC,EN,Greece,
91,304,GRL,EN,Greenland,
92,308,GRD,EN,Grenada,
93,312,GLP,EN,Guadeloupe,
94,316,GUM,EN,Guam,
95,320,GTM,EN,Guatemala,
96,831,GGY,EN,Guernsey,
97,324,GIN,EN,Guinea,
98,624,GNB,EN,Guinea-Bissau,
99,328,GUY,EN,Guyana,
100,332,HTI,EN,Haiti,
101,334,HMD,EN,Heard Island and McDonald Islands,
102,336,VAT,EN,Holy See,
103,340,HND,EN,Honduras,
104,348,HUN,EN,Hungary,
105,352,ISL,EN,Iceland,
106,356,IND,EN,India,
107,360,IDN,EN,Indonesia,
108,364,IRN,EN,Iran (Islamic Republic of),
109,368,IRQ,EN,Iraq,
110,372,IRL,EN,Ireland,
111,833,IMN,EN,Isle of Man,
112,376,ISR,EN,Israel,
113,380,ITA,EN,Italy,
114,388,JAM,EN,Jamaica,
115,392,JPN,EN,Japan,
116,832,JEY,EN,Jersey,
117,400,JOR,EN,Jordan,
118,398,KAZ,EN,Kazakhstan,
119,404,KEN,EN,Kenya,
120,296,KIR,EN,Kiribati,
121,414,KWT,EN,Kuwait,
122,417,KGZ,EN,Kyrgyzstan,
123,418,LAO,EN,Lao People's Democratic Republic,
124,428,LVA,EN,Latvia,
125,422,LBN,EN,Lebanon,
126,426,LSO,EN,Lesotho,
127,430,LBR,EN,Liberia,
128,434,LBY,EN,Libya,
129,438,LIE,EN,Liechtenstein,
130,440,LTU,EN,Lithuania,
131,442,LUX,EN,Luxembourg,
132,450,MDG,EN,Madagascar,
133,454,MWI,EN,Malawi,
134,458,MYS,EN,Malaysia,
135,462,MDV,EN,Maldives,
136,466,MLI,EN,Mali,
137,470,MLT,EN,Malta,
138,584,MHL,EN,Marshall Islands,
139,474,MTQ,EN,Martinique,
140,478,MRT,EN,Mauritania,
141,480,MUS,EN,Mauritius,
142,175,MYT,EN,Mayotte,
143,484,MEX,EN,Mexico,
144,583,FSM,EN,Micronesia (Federated States of),
145,492,MCO,EN,Monaco,
146,496,MNG,EN,Mongolia,
147,499,MNE,EN,Montenegro,
148,500,MSR,EN,Montserrat,
149,504,MAR,EN,Morocco,
150,508,MOZ,EN,Mozambique,
151,104,MMR,EN,Myanmar,
152,516,NAM,EN,Namibia,
153,520,NRU,EN,Nauru,
154,524,NPL,EN,Nepal,
155,528,NLD,EN,Netherlands,
156,540,NCL,EN,New Caledonia,
157,554,NZL,EN,New Zealand,
158,558,NIC,EN,Nicaragua,
159,562,NER,EN,Niger,
160,566,NGA,EN,Nigeria,
161,570,NIU,EN,Niue,
162,574,NFK,EN,Norfolk Island,
163,807,MKD,EN,North Macedonia,
164,580,MNP,EN,Northern Mariana Islands,
165,578,NOR,EN,Norway,
166,512,OMN,EN,Oman,
167,586,PAK,EN,Pakistan,
168,585,PLW,EN,Palau,
169,591,PAN,EN,Panama,
170,598,PNG,EN,Papua New Guinea,
171,600,PRY,EN,Paraguay,
172,604,PER,EN,Peru,
173,608,PHL,EN,Philippines,
174,612,PCN,EN,Pitcairn,
175,616,POL,EN,Poland,
176,620,PRT,EN,Portugal,
177,630,PRI,EN,Puerto Rico,
178,634,QAT,EN,Qatar,
179,410,KOR,EN,Republic of Korea,
180,498,MDA,EN,Republic of Moldova,
181,638,REU,EN,Réunion,
182,642,ROU,EN,Romania,
183,643,RUS,EN,Russian Federation,
184,646,RWA,EN,Rwanda,
185,652,BLM,EN,Saint Barth√©lemy,
186,654,SHN,EN,Saint Helena,
187,659,KNA,EN,Saint Kitts and Nevis,
188,662,LCA,EN,Saint Lucia,
189,663,MAF,EN,Saint Martin (French Part),
190,666,SPM,EN,Saint Pierre and Miquelon,
191,670,VCT,EN,Saint Vincent and the Grenadines,
192,882,WSM,EN,Samoa,
193,674,SMR,EN,San Marino,
194,678,STP,EN,Sao Tome and Principe,
195,680,CRQ,EN,Sark,
196,682,SAU,EN,Saudi Arabia,
197,686,SEN,EN,Senegal,
198,688,SRB,EN,Serbia,
199,690,SYC,EN,Seychelles,
200,694,SLE,EN,Sierra Leone,
201,702,SGP,EN,Singapore,
202,534,SXM,EN,Sint Maarten (Dutch part),
203,703,SVK,EN,Slovakia,
204,705,SVN,EN,Slovenia,
205,90,SLB,EN,Solomon Islands,
206,706,SOM,EN,Somalia,
207,710,ZAF,EN,South Africa,
208,239,SGS,EN,South Georgia and the South Sandwich Islands,
209,728,SSD,EN,South Sudan,
210,724,ESP,EN,Spain,
211,144,LKA,EN,Sri Lanka,
212,275,PSE,EN,State of Palestine,
213,729,SDN,EN,Sudan,
214,740,SUR,EN,Suriname,
215,744,SJM,EN,Svalbard and Jan Mayen Islands,
216,752,SWE,EN,Sweden,
217,756,CHE,EN,Switzerland,
218,760,SYR,EN,Syrian Arab Republic,
219,762,TJK,EN,Tajikistan,
220,764,THA,EN,Thailand,
221,626,TLS,EN,Timor-Leste,
222,768,TGO,EN,Togo,
223,772,TKL,EN,Tokelau,
224,776,TON,EN,Tonga,
225,780,TTO,EN,Trinidad and Tobago,
226,788,TUN,EN,Tunisia,
227,792,TUR,EN,T√ºrkiye,
228,795,TKM,EN,Turkmenistan,
229,796,TCA,EN,Turks and Caicos Islands,
230,798,TUV,EN,Tuvalu,
231,800,UGA,EN,Uganda,
232,804,UKR,EN,Ukraine,
233,784,ARE,EN,United Arab Emirates,
234,826,GBR,EN,United Kingdom of Great Britain and Northern Ireland,
235,834,TZA,EN,United Republic of Tanzania,
236,581,UMI,EN,United States Minor Outlying Islands,
237,840,USA,EN,United States of America,
238,850,VIR,EN,United States Virgin Islands,
239,858,URY,EN,Uruguay,
240,860,UZB,EN,Uzbekistan,
241,548,VUT,EN,Vanuatu,
242,862,VEN,EN,Venezuela (Bolivarian Republic of),
243,704,VNM,EN,Viet Nam,
244,876,WLF,EN,Wallis and Futuna Islands,
245,732,ESH,EN,Western Sahara,
246,887,YEM,EN,Yemen,
247,894,ZMB,EN,Zambia,
248,716,ZWE,EN,Zimbabwe,
249,4,AFG,CH,阿富汗,
250,248,ALA,CH,奧蘭群島,
251,8,ALB,CH,阿爾巴尼亞,
252,12,DZA,CH,阿爾及利亞,
253,16,ASM,CH,美屬薩摩亞,
254,20,AND,CH,安道爾,
255,24,AGO,CH,安哥拉,
256,660,AIA,CH,安圭拉,
257,10,ATA,CH,南極洲,
258,28,ATG,CH,安提瓜和巴布達,
259,32,ARG,CH,阿根廷,
260,51,ARM,CH,亞美尼亞,
261,533,ABW,CH,阿魯巴,
262,36,AUS,CH,澳大利亞,
263,40,AUT,CH,奧地利,
264,31,AZE,CH,阿塞拜疆,
265,44,BHS,CH,巴哈馬,
266,48,BHR,CH,巴林,
267,50,BGD,CH,孟加拉國,
268,52,BRB,CH,巴巴多斯,
269,112,BLR,CH,白俄羅斯,
270,56,BEL,CH,比利時,
271,84,BLZ,CH,伯利茲,
272,204,BEN,CH,貝寧,
273,60,BMU,CH,百慕大,
274,64,BTN,CH,不丹,
275,68,BOL,CH,多民族玻利維亞國,
276,535,BES,CH,博納爾，聖俄斯塔休斯和薩巴,
277,70,BIH,CH,波斯尼亞和黑塞哥維那,
278,72,BWA,CH,博茨瓦納,
279,74,BVT,CH,布維島,
280,76,BRA,CH,巴西,
281,86,IOT,CH,英屬印度洋領土,
282,92,VGB,CH,英屬維爾京群島,
283,96,BRN,CH,文萊達魯薩蘭國,
284,100,BGR,CH,保加利亞,
285,854,BFA,CH,布基納法索,
286,108,BDI,CH,布隆迪,
287,132,CPV,CH,佛得角,
288,116,KHM,CH,柬埔寨,
289,120,CMR,CH,喀麥隆,
290,124,CAN,CH,加拿大,
291,136,CYM,CH,開曼群島,
292,140,CAF,CH,中非共和國,
293,148,TCD,CH,乍得,
294,152,CHL,CH,智利,
295,156,CHN,CH,中國,
296,344,HKG,CH,中國香港特別行政區,
297,446,MAC,CH,中國澳門特別行政區,
298,162,CXR,CH,聖誕島,
299,166,CCK,CH,科科斯（基林）群島,
300,170,COL,CH,哥倫比亞,
301,174,COM,CH,科摩羅,
302,178,COG,CH,剛果,
303,184,COK,CH,庫克群島,
304,188,CRI,CH,哥斯達黎加,
305,384,CIV,CH,科特迪瓦,
306,191,HRV,CH,克羅地亞,
307,192,CUB,CH,古巴,
308,531,CUW,CH,庫拉索,
309,196,CYP,CH,塞浦路斯,
310,203,CZE,CH,捷克,
311,408,PRK,CH,朝鮮民主主義人民共和國,
312,180,COD,CH,剛果民主共和國,
313,208,DNK,CH,丹麥,
314,262,DJI,CH,吉布提,
315,212,DMA,CH,多米尼克,
316,214,DOM,CH,多米尼加,
317,218,ECU,CH,厄瓜多爾,
318,818,EGY,CH,埃及,
319,222,SLV,CH,薩爾瓦多,
320,226,GNQ,CH,赤道幾內亞,
321,232,ERI,CH,厄立特里亞,
322,233,EST,CH,愛沙尼亞,
323,748,SWZ,CH,斯威士蘭,
324,231,ETH,CH,埃塞俄比亞,
325,238,FLK,CH,福克蘭群島（馬爾維納斯）,
326,234,FRO,CH,法羅群島,
327,242,FJI,CH,斐濟,
328,246,FIN,CH,芬蘭,
329,250,FRA,CH,法國,
330,254,GUF,CH,法屬圭亞那,
331,258,PYF,CH,法屬波利尼西亞,
332,260,ATF,CH,法屬南方領地,
333,266,GAB,CH,加蓬,
334,270,GMB,CH,岡比亞,
335,268,GEO,CH,格魯吉亞,
336,276,DEU,CH,德國,
337,288,GHA,CH,加納,
338,292,GIB,CH,直布羅陀,
339,300,GRC,CH,希臘,
340,304,GRL,CH,格陵蘭,
341,308,GRD,CH,格林納達,
342,312,GLP,CH,瓜德羅普,
343,316,GUM,CH,關島,
344,320,GTM,CH,危地馬拉,
345,831,GGY,CH,格恩西,
346,324,GIN,CH,幾內亞,
347,624,GNB,CH,幾內亞比紹,
348,328,GUY,CH,圭亞那,
349,332,HTI,CH,海地,
350,334,HMD,CH,赫德島和麥克唐納島,
351,336,VAT,CH,教廷,
352,340,HND,CH,洪都拉斯,
353,348,HUN,CH,匈牙利,
354,352,ISL,CH,冰島,
355,356,IND,CH,印度,
356,360,IDN,CH,印度尼西亞,
357,364,IRN,CH,伊朗伊斯蘭共和國,
358,368,IRQ,CH,伊拉克,
359,372,IRL,CH,愛爾蘭,
360,833,IMN,CH,馬恩島,
361,376,ISR,CH,以色列,
362,380,ITA,CH,意大利,
363,388,JAM,CH,牙買加,
364,392,JPN,CH,日本,
365,832,JEY,CH,澤西,
366,400,JOR,CH,約旦,
367,398,KAZ,CH,哈薩克斯坦,
368,404,KEN,CH,肯尼亞,
369,296,KIR,CH,基里巴斯,
370,414,KWT,CH,科威特,
371,417,KGZ,CH,吉爾吉斯斯坦,
372,418,LAO,CH,老撾人民民主共和國,
373,428,LVA,CH,拉脫維亞,
374,422,LBN,CH,黎巴嫩,
375,426,LSO,CH,萊索托,
376,430,LBR,CH,利比里亞,
377,434,LBY,CH,利比亞,
378,438,LIE,CH,列支敦士登,
379,440,LTU,CH,立陶宛,
380,442,LUX,CH,盧森堡,
381,450,MDG,CH,馬達加斯加,
382,454,MWI,CH,馬拉維,
383,458,MYS,CH,馬來西亞,
384,462,MDV,CH,馬爾代夫,
385,466,MLI,CH,馬里,
386,470,MLT,CH,馬耳他,
387,584,MHL,CH,馬紹爾群島,
388,474,MTQ,CH,馬提尼克,
389,478,MRT,CH,毛里塔尼亞,
390,480,MUS,CH,毛里求斯,
391,175,MYT,CH,馬約特,
392,484,MEX,CH,墨西哥,
393,583,FSM,CH,密克羅尼西亞聯邦,
394,492,MCO,CH,摩納哥,
395,496,MNG,CH,蒙古,
396,499,MNE,CH,黑山,
397,500,MSR,CH,蒙特塞拉特,
398,504,MAR,CH,摩洛哥,
399,508,MOZ,CH,莫桑比克,
400,104,MMR,CH,緬甸,
401,516,NAM,CH,納米比亞,
402,520,NRU,CH,瑙魯,
403,524,NPL,CH,尼泊爾,
404,528,NLD,CH,荷蘭,
405,540,NCL,CH,新喀里多尼亞,
406,554,NZL,CH,新西蘭,
407,558,NIC,CH,尼加拉瓜,
408,562,NER,CH,尼日爾,
409,566,NGA,CH,尼日利亞,
410,570,NIU,CH,紐埃,
411,574,NFK,CH,諾福克島,
412,807,MKD,CH,北馬其頓,
413,580,MNP,CH,北馬里亞納群島,
414,578,NOR,CH,挪威,
415,512,OMN,CH,阿曼,
416,586,PAK,CH,巴基斯坦,
417,585,PLW,CH,帕勞,
418,591,PAN,CH,巴拿馬,
419,598,PNG,CH,巴布亞新幾內亞,
420,600,PRY,CH,巴拉圭,
421,604,PER,CH,秘魯,
422,608,PHL,CH,菲律賓,
423,612,PCN,CH,皮特凱恩,
424,616,POL,CH,波蘭,
425,620,PRT,CH,葡萄牙,
426,630,PRI,CH,波多黎各,
427,634,QAT,CH,卡塔爾,
428,410,KOR,CH,大韓民國,
429,498,MDA,CH,摩爾多瓦共和國,
430,638,REU,CH,留尼汪,
431,642,ROU,CH,羅馬尼亞,
432,643,RUS,CH,俄羅斯聯邦,
433,646,RWA,CH,盧旺達,
434,652,BLM,CH,聖巴泰勒米,
435,654,SHN,CH,聖赫勒拿,
436,659,KNA,CH,聖基茨和尼維斯,
437,662,LCA,CH,聖盧西亞,
438,663,MAF,CH,聖馬丁（法屬）,
439,666,SPM,CH,聖皮埃爾和密克隆,
440,670,VCT,CH,聖文森特和格林納丁斯,
441,882,WSM,CH,薩摩亞,
442,674,SMR,CH,聖馬力諾,
443,678,STP,CH,聖多美和普林西比,
444,680,CRQ,CH,薩克,
445,682,SAU,CH,沙特阿拉伯,
446,686,SEN,CH,塞內加爾,
447,688,SRB,CH,塞爾維亞,
448,690,SYC,CH,塞舌爾,
449,694,SLE,CH,塞拉利昂,
450,702,SGP,CH,新加坡,
451,534,SXM,CH,聖馬丁（荷屬）,
452,703,SVK,CH,斯洛伐克,
453,705,SVN,CH,斯洛文尼亞,
454,90,SLB,CH,所羅門群島,
455,706,SOM,CH,索馬里,
456,710,ZAF,CH,南非,
457,239,SGS,CH,南喬治亞島和南桑德韋奇島,
458,728,SSD,CH,南蘇丹,
459,724,ESP,CH,西班牙,
460,144,LKA,CH,斯里蘭卡,
461,275,PSE,CH,巴勒斯坦國,
462,729,SDN,CH,蘇丹,
463,740,SUR,CH,蘇里南,
464,744,SJM,CH,斯瓦爾巴群島和揚馬延島,
465,752,SWE,CH,瑞典,
466,756,CHE,CH,瑞士,
467,760,SYR,CH,阿拉伯敘利亞共和國,
468,762,TJK,CH,塔吉克斯坦,
469,764,THA,CH,泰國,
470,626,TLS,CH,東帝汶,
471,768,TGO,CH,多哥,
472,772,TKL,CH,托克勞,
473,776,TON,CH,湯加,
474,780,TTO,CH,特立尼達和多巴哥,
475,788,TUN,CH,突尼斯,
476,792,TUR,CH,土耳其,
477,795,TKM,CH,土庫曼斯坦,
478,796,TCA,CH,特克斯和凱科斯群島,
479,798,TUV,CH,圖瓦盧,
480,800,UGA,CH,烏幹達,
481,804,UKR,CH,烏克蘭,
482,784,ARE,CH,阿拉伯聯合酋長國,
483,826,GBR,CH,大不列顛及北愛爾蘭聯合王國,
484,834,TZA,CH,坦桑尼亞聯合共和國,
485,581,UMI,CH,美國本土外小島嶼,
486,840,USA,CH,美利堅合眾國,
487,850,VIR,CH,美屬維爾京群島,
488,858,URY,CH,烏拉圭,
489,860,UZB,CH,烏茲別克斯坦,
490,548,VUT,CH,瓦努阿圖,
491,862,VEN,CH,委內瑞拉玻利瓦爾共和國,
492,704,VNM,CH,越南,
493,876,WLF,CH,瓦利斯群島和富圖納群島,
494,732,ESH,CH,西撒哈拉,
495,887,YEM,CH,也門,
496,894,ZMB,CH,贊比亞,
497,716,ZWE,CH,津巴布韋,
498,4,AFG,RU,Афганистан,
499,248,ALA,RU,Аландских островов,
500,8,ALB,RU,Албания,
501,12,DZA,RU,Алжир,
502,16,ASM,RU,Американское Самоа,
503,20,AND,RU,Андорра,
504,24,AGO,RU,Ангола,
505,660,AIA,RU,Ангилья,
506,10,ATA,RU,Антарктике,
507,28,ATG,RU,Антигуа и Барбуда,
508,32,ARG,RU,Аргентина,
509,51,ARM,RU,Армения,
510,533,ABW,RU,Аруба,
511,36,AUS,RU,Австралия,
512,40,AUT,RU,Австрия,
513,31,AZE,RU,Азербайджан,
514,44,BHS,RU,Багамские Острова,
515,48,BHR,RU,Бахрейн,
516,50,BGD,RU,Бангладеш,
517,52,BRB,RU,Барбадос,
518,112,BLR,RU,Беларусь,
519,56,BEL,RU,Бельгия,
520,84,BLZ,RU,Белиз,
521,204,BEN,RU,Бенин,
522,60,BMU,RU,Бермудские острова,
523,64,BTN,RU,Бутан,
524,68,BOL,RU,Боливия (Многонациональное Государство),
525,535,BES,RU,"Бонайре, Синт-Эстатиус и Саба",
526,70,BIH,RU,Босния и Герцеговина,
527,72,BWA,RU,Ботсвана,
528,74,BVT,RU,Остров Буве,
529,76,BRA,RU,Бразилия,
530,86,IOT,RU,Британская территория в Индийском океане,
531,92,VGB,RU,Британские Виргинские острова,
532,96,BRN,RU,Бруней-Даруссалам,
533,100,BGR,RU,Болгария,
534,854,BFA,RU,Буркина-Фасо,
535,108,BDI,RU,Бурунди,
536,132,CPV,RU,Кабо-Верде,
537,116,KHM,RU,Камбоджа,
538,120,CMR,RU,Камерун,
539,124,CAN,RU,Канада,
540,136,CYM,RU,Кайман острова,
541,140,CAF,RU,Центральноафриканская Республика,
542,148,TCD,RU,Чад,
543,152,CHL,RU,Чили,
544,156,CHN,RU,Китай,
545,344,HKG,RU,"Китай, Специальный административный район Гонконг",
546,446,MAC,RU,"Китай, Специальный административный район Макао",
547,162,CXR,RU,остров Рождества,
548,166,CCK,RU,Кокосовых (Килинг) островов,
549,170,COL,RU,Колумбия,
550,174,COM,RU,Коморские Острова,
551,178,COG,RU,Конго,
552,184,COK,RU,Острова Кука,
553,188,CRI,RU,Коста-Рика,
554,384,CIV,RU,Кот-д'Ивуар,
555,191,HRV,RU,Хорватия,
556,192,CUB,RU,Куба,
557,531,CUW,RU,Кюрасао,
558,196,CYP,RU,Кипр,
559,203,CZE,RU,Чехия,
560,408,PRK,RU,Корейская Народно-Демократическая Республика,
561,180,COD,RU,Демократическая Республика Конго,
562,208,DNK,RU,Дания,
563,262,DJI,RU,Джибути,
564,212,DMA,RU,Доминика,
565,214,DOM,RU,Доминиканская Республика,
566,218,ECU,RU,Эквадор,
567,818,EGY,RU,Египет,
568,222,SLV,RU,Сальвадор,
569,226,GNQ,RU,Экваториальная Гвинея,
570,232,ERI,RU,Эритрея,
571,233,EST,RU,Эстония,
572,748,SWZ,RU,Эсватини,
573,231,ETH,RU,Эфиопия,
574,238,FLK,RU,Фолклендские (Мальвинские) острова,
575,234,FRO,RU,Фарерские острова,
576,242,FJI,RU,Фиджи,
577,246,FIN,RU,Финляндия,
578,250,FRA,RU,Франция,
579,254,GUF,RU,Французская Гвиана,
580,258,PYF,RU,Французская Полинезия,
581,260,ATF,RU,Южные земли (французская заморская территория),
582,266,GAB,RU,Габон,
583,270,GMB,RU,Гамбия,
584,268,GEO,RU,Грузия,
585,276,DEU,RU,Германия,
586,288,GHA,RU,Гана,
587,292,GIB,RU,Гибралтар,
588,300,GRC,RU,Греция,
589,304,GRL,RU,Гренландия,
590,308,GRD,RU,Гренада,
591,312,GLP,RU,Гваделупа,
592,316,GUM,RU,Гуам,
593,320,GTM,RU,Гватемала,
594,831,GGY,RU,Гернси,
595,324,GIN,RU,Гвинея,
596,624,GNB,RU,Гвинея-Бисау,
597,328,GUY,RU,Гайана,
598,332,HTI,RU,Гаити,
599,334,HMD,RU,Остров Херд и острова Макдональд,
600,336,VAT,RU,Святой Престол,
601,340,HND,RU,Гондурас,
602,348,HUN,RU,Венгрия,
603,352,ISL,RU,Исландия,
604,356,IND,RU,Индия,
605,360,IDN,RU,Индонезия,
606,364,IRN,RU,Иран (Исламская Республика),
607,368,IRQ,RU,Ирак,
608,372,IRL,RU,Ирландия,
609,833,IMN,RU,Остров Мэн,
610,376,ISR,RU,Израиль,
611,380,ITA,RU,Италия,
612,388,JAM,RU,Ямайка,
613,392,JPN,RU,Япония,
614,832,JEY,RU,Джерси,
615,400,JOR,RU,Иордания,
616,398,KAZ,RU,Казахстан,
617,404,KEN,RU,Кения,
618,296,KIR,RU,Кирибати,
619,414,KWT,RU,Кувейт,
620,417,KGZ,RU,Кыргызстан,
621,418,LAO,RU,Лаосская Народно-Демократическая Республика,
622,428,LVA,RU,Латвия,
623,422,LBN,RU,Ливан,
624,426,LSO,RU,Лесото,
625,430,LBR,RU,Либерия,
626,434,LBY,RU,Ливия,
627,438,LIE,RU,Лихтенштейн,
628,440,LTU,RU,Литва,
629,442,LUX,RU,Люксембург,
630,450,MDG,RU,Мадагаскар,
631,454,MWI,RU,Малави,
632,458,MYS,RU,Малайзия,
633,462,MDV,RU,Мальдивские Острова,
634,466,MLI,RU,Мали,
635,470,MLT,RU,Мальта,
636,584,MHL,RU,Маршалловы Острова,
637,474,MTQ,RU,Мартиника,
638,478,MRT,RU,Мавритания,
639,480,MUS,RU,Маврикий,
640,175,MYT,RU,Остров Майотта,
641,484,MEX,RU,Мексика,
642,583,FSM,RU,Микронезия (Федеративные Штаты),
643,492,MCO,RU,Монако,
644,496,MNG,RU,Монголия,
645,499,MNE,RU,Черногория,
646,500,MSR,RU,Монтсеррат,
647,504,MAR,RU,Марокко,
648,508,MOZ,RU,Мозамбик,
649,104,MMR,RU,Мьянма,
650,516,NAM,RU,Намибия,
651,520,NRU,RU,Науру,
652,524,NPL,RU,Непал,
653,528,NLD,RU,Нидерланды,
654,540,NCL,RU,Новая Каледония,
655,554,NZL,RU,Новая Зеландия,
656,558,NIC,RU,Никарагуа,
657,562,NER,RU,Нигер,
658,566,NGA,RU,Нигерия,
659,570,NIU,RU,Ниуэ,
660,574,NFK,RU,Остров Норфолк,
661,807,MKD,RU,Северная Македония,
662,580,MNP,RU,Северные Марианские острова,
663,578,NOR,RU,Норвегия,
664,512,OMN,RU,Оман,
665,586,PAK,RU,Пакистан,
666,585,PLW,RU,Палау,
667,591,PAN,RU,Панама,
668,598,PNG,RU,Папуа-Новая Гвинея,
669,600,PRY,RU,Парагвай,
670,604,PER,RU,Перу,
671,608,PHL,RU,Филиппины,
672,612,PCN,RU,Питкэрн,
673,616,POL,RU,Польша,
674,620,PRT,RU,Португалия,
675,630,PRI,RU,Пуэрто-Рико,
676,634,QAT,RU,Катар,
677,410,KOR,RU,Республика Корея,
678,498,MDA,RU,Республика Молдова,
679,638,REU,RU,Реюньон,
680,642,ROU,RU,Румыния,
681,643,RUS,RU,Российская Федерация,
682,646,RWA,RU,Руанда,
683,652,BLM,RU,Сен-Бартелеми,
684,654,SHN,RU,Остров Святой Елены,
685,659,KNA,RU,Сент-Китс и Невис,
686,662,LCA,RU,Сент-Люсия,
687,663,MAF,RU,Сен-Мартен (французская часть),
688,666,SPM,RU,Сен-Пьер и Микелон,
689,670,VCT,RU,Сент-Винсент и Гренадины,
690,882,WSM,RU,Самоа,
691,674,SMR,RU,Сан-Марино,
692,678,STP,RU,Сан-Томе и Принсипи,
693,680,CRQ,RU,Сарк,
694,682,SAU,RU,Саудовская Аравия,
695,686,SEN,RU,Сенегал,
696,688,SRB,RU,Сербия,
697,690,SYC,RU,Сейшельские Острова,
698,694,SLE,RU,Сьерра-Леоне,
699,702,SGP,RU,Сингапур,
700,534,SXM,RU,Синт-Мартен (нидерландская часть),
701,703,SVK,RU,Словакия,
702,705,SVN,RU,Словения,
703,90,SLB,RU,Соломоновы Острова,
704,706,SOM,RU,Сомали,
705,710,ZAF,RU,Южная Африка,
706,239,SGS,RU,Южная Джорджия и Южные Сандвичевы острова,
707,728,SSD,RU,Южный Судан,
708,724,ESP,RU,Испания,
709,144,LKA,RU,Шри-Ланка,
710,275,PSE,RU,Государство Палестина,
711,729,SDN,RU,Судан,
712,740,SUR,RU,Суринам,
713,744,SJM,RU,Острова Свальбард и Ян-Майен,
714,752,SWE,RU,Швеция,
715,756,CHE,RU,Швейцария,
716,760,SYR,RU,Сирийская Арабская Республика,
717,762,TJK,RU,Таджикистан,
718,764,THA,RU,Таиланд,
719,626,TLS,RU,Тимор-Лешти,
720,768,TGO,RU,Того,
721,772,TKL,RU,Токелау,
722,776,TON,RU,Тонга,
723,780,TTO,RU,Тринидад и Тобаго,
724,788,TUN,RU,Тунис,
725,792,TUR,RU,Турция,
726,795,TKM,RU,Туркменистан,
727,796,TCA,RU,Острова Теркс и Кайкос,
728,798,TUV,RU,Тувалу,
729,800,UGA,RU,Уганда,
730,804,UKR,RU,Украина,
731,784,ARE,RU,Объединенные Арабские Эмираты,
732,826,GBR,RU,Соединенное Королевство Великобритании и Северной Ирландии,
733,834,TZA,RU,Объединенная Республика Танзания,
734,581,UMI,RU,Внешние малые острова Соединенных Штатов,
735,840,USA,RU,Соединенные Штаты Америки,
736,850,VIR,RU,Виргинские острова Соединенных Штатов,
737,858,URY,RU,Уругвай,
738,860,UZB,RU,Узбекистан,
739,548,VUT,RU,Вануату,
740,862,VEN,RU,Венесуэла (Боливарианская Республика),
741,704,VNM,RU,Вьетнам,
742,876,WLF,RU,Острова Уоллис и Футуна,
743,732,ESH,RU,Западная Сахара,
744,887,YEM,RU,Йемен,
745,894,ZMB,RU,Замбия,
746,716,ZWE,RU,Зимбабве,
747,4,AFG,FR,Afghanistan,
748,248,ALA,FR,Îles d’Åland,
749,8,ALB,FR,Albanie,
750,12,DZA,FR,Algérie,
751,16,ASM,FR,Samoa américaines,
752,20,AND,FR,Andorre,
753,24,AGO,FR,Angola,
754,660,AIA,FR,Anguilla,
755,10,ATA,FR,Antarctique,
756,28,ATG,FR,Antigua-et-Barbuda,
757,32,ARG,FR,Argentine,
758,51,ARM,FR,Arménie,
759,533,ABW,FR,Aruba,
760,36,AUS,FR,Australie,
761,40,AUT,FR,Autriche,
762,31,AZE,FR,Azerbaïdjan,
763,44,BHS,FR,Bahamas,
764,48,BHR,FR,Bahreïn,
765,50,BGD,FR,Bangladesh,
766,52,BRB,FR,Barbade,
767,112,BLR,FR,Bélarus,
768,56,BEL,FR,Belgique,
769,84,BLZ,FR,Belize,
770,204,BEN,FR,Bénin,
771,60,BMU,FR,Bermudes,
772,64,BTN,FR,Bhoutan,
773,68,BOL,FR,Bolivie (État plurinational de),
774,535,BES,FR,"Bonaire, Saint-Eustache et Saba",
775,70,BIH,FR,Bosnie-Herzégovine,
776,72,BWA,FR,Botswana,
777,74,BVT,FR,Île Bouvet,
778,76,BRA,FR,Brésil,
779,86,IOT,FR,Territoire britannique de l'océan Indien,
780,92,VGB,FR,Îles Vierges britanniques,
781,96,BRN,FR,Brunéi Darussalam,
782,100,BGR,FR,Bulgarie,
783,854,BFA,FR,Burkina Faso,
784,108,BDI,FR,Burundi,
785,132,CPV,FR,Cabo Verde,
786,116,KHM,FR,Cambodge,
787,120,CMR,FR,Cameroun,
788,124,CAN,FR,Canada,
789,136,CYM,FR,Îles Caïmanes,
790,140,CAF,FR,République centrafricaine,
791,148,TCD,FR,Tchad,
792,152,CHL,FR,Chili,
793,156,CHN,FR,Chine,
794,344,HKG,FR,"Chine, région administrative spéciale de Hong Kong",
795,446,MAC,FR,"Chine, région administrative spéciale de Macao",
796,162,CXR,FR,Île Christmas,
797,166,CCK,FR,Îles des Cocos (Keeling),
798,170,COL,FR,Colombie,
799,174,COM,FR,Comores,
800,178,COG,FR,Congo,
801,184,COK,FR,Îles Cook,
802,188,CRI,FR,Costa Rica,
803,384,CIV,FR,Côte d’Ivoire,
804,191,HRV,FR,Croatie,
805,192,CUB,FR,Cuba,
806,531,CUW,FR,Curaçao,
807,196,CYP,FR,Chypre,
808,203,CZE,FR,Tchéquie,
809,408,PRK,FR,République populaire démocratique de Corée,
810,180,COD,FR,République démocratique du Congo,
811,208,DNK,FR,Danemark,
812,262,DJI,FR,Djibouti,
813,212,DMA,FR,Dominique,
814,214,DOM,FR,République dominicaine,
815,218,ECU,FR,Équateur,
816,818,EGY,FR,Égypte,
817,222,SLV,FR,El Salvador,
818,226,GNQ,FR,Guinée équatoriale,
819,232,ERI,FR,Érythrée,
820,233,EST,FR,Estonie,
821,748,SWZ,FR,Eswatini,
822,231,ETH,FR,Éthiopie,
823,238,FLK,FR,Îles Falkland (Malvinas),
824,234,FRO,FR,Îles Féroé,
825,242,FJI,FR,Fidji,
826,246,FIN,FR,Finlande,
827,250,FRA,FR,France,
828,254,GUF,FR,Guyane française,
829,258,PYF,FR,Polynésie française,
830,260,ATF,FR,Terres australes françaises,
831,266,GAB,FR,Gabon,
832,270,GMB,FR,Gambie,
833,268,GEO,FR,Géorgie,
834,276,DEU,FR,Allemagne,
835,288,GHA,FR,Ghana,
836,292,GIB,FR,Gibraltar,
837,300,GRC,FR,Grèce,
838,304,GRL,FR,Groenland,
839,308,GRD,FR,Grenade,
840,312,GLP,FR,Guadeloupe,
841,316,GUM,FR,Guam,
842,320,GTM,FR,Guatemala,
843,831,GGY,FR,Guernesey,
844,324,GIN,FR,Guinée,
845,624,GNB,FR,Guinée-Bissau,
846,328,GUY,FR,Guyana,
847,332,HTI,FR,Haïti,
848,334,HMD,FR,Île Heard-et-Îles MacDonald,
849,336,VAT,FR,Saint-Siège,
850,340,HND,FR,Honduras,
851,348,HUN,FR,Hongrie,
852,352,ISL,FR,Islande,
853,356,IND,FR,Inde,
854,360,IDN,FR,Indonésie,
855,364,IRN,FR,Iran (République islamique d’),
856,368,IRQ,FR,Iraq,
857,372,IRL,FR,Irlande,
858,833,IMN,FR,Île de Man,
859,376,ISR,FR,Israël,
860,380,ITA,FR,Italie,
861,388,JAM,FR,Jamaïque,
862,392,JPN,FR,Japon,
863,832,JEY,FR,Jersey,
864,400,JOR,FR,Jordanie,
865,398,KAZ,FR,Kazakhstan,
866,404,KEN,FR,Kenya,
867,296,KIR,FR,Kiribati,
868,414,KWT,FR,Koweït,
869,417,KGZ,FR,Kirghizistan,
870,418,LAO,FR,République démocratique populaire lao,
871,428,LVA,FR,Lettonie,
872,422,LBN,FR,Liban,
873,426,LSO,FR,Lesotho,
874,430,LBR,FR,Libéria,
875,434,LBY,FR,Libye,
876,438,LIE,FR,Liechtenstein,
877,440,LTU,FR,Lituanie,
878,442,LUX,FR,Luxembourg,
879,450,MDG,FR,Madagascar,
880,454,MWI,FR,Malawi,
881,458,MYS,FR,Malaisie,
882,462,MDV,FR,Maldives,
883,466,MLI,FR,Mali,
884,470,MLT,FR,Malte,
885,584,MHL,FR,Îles Marshall,
886,474,MTQ,FR,Martinique,
887,478,MRT,FR,Mauritanie,
888,480,MUS,FR,Maurice,
889,175,MYT,FR,Mayotte,
890,484,MEX,FR,Mexique,
891,583,FSM,FR,Micronésie (États fédérés de),
892,492,MCO,FR,Monaco,
893,496,MNG,FR,Mongolie,
894,499,MNE,FR,Monténégro,
895,500,MSR,FR,Montserrat,
896,504,MAR,FR,Maroc,
897,508,MOZ,FR,Mozambique,
898,104,MMR,FR,Myanmar,
899,516,NAM,FR,Namibie,
900,520,NRU,FR,Nauru,
901,524,NPL,FR,Népal,
902,528,NLD,FR,Pays-Bas,
903,540,NCL,FR,Nouvelle-Calédonie,
904,554,NZL,FR,Nouvelle-Zélande,
905,558,NIC,FR,Nicaragua,
906,562,NER,FR,Niger,
907,566,NGA,FR,Nigéria,
908,570,NIU,FR,Nioué,
909,574,NFK,FR,Île Norfolk,
910,807,MKD,FR,Macédoine du Nord,
911,580,MNP,FR,Îles Mariannes du Nord,
912,578,NOR,FR,Norvège,
913,512,OMN,FR,Oman,
914,586,PAK,FR,Pakistan,
915,585,PLW,FR,Palaos,
916,591,PAN,FR,Panama,
917,598,PNG,FR,Papouasie-Nouvelle-Guinée,
918,600,PRY,FR,Paraguay,
919,604,PER,FR,Pérou,
920,608,PHL,FR,Philippines,
921,612,PCN,FR,Pitcairn,
922,616,POL,FR,Pologne,
923,620,PRT,FR,Portugal,
924,630,PRI,FR,Porto Rico,
925,634,QAT,FR,Qatar,
926,410,KOR,FR,République de Corée,
927,498,MDA,FR,République de Moldova,
928,638,REU,FR,Réunion,
929,642,ROU,FR,Roumanie,
930,643,RUS,FR,Fédération de Russie,
931,646,RWA,FR,Rwanda,
932,652,BLM,FR,Saint-Barthélemy,
933,654,SHN,FR,Sainte-Hélène,
934,659,KNA,FR,Saint-Kitts-et-Nevis,
935,662,LCA,FR,Sainte-Lucie,
936,663,MAF,FR,Saint-Martin (partie française),
937,666,SPM,FR,Saint-Pierre-et-Miquelon,
938,670,VCT,FR,Saint-Vincent-et-les Grenadines,
939,882,WSM,FR,Samoa,
940,674,SMR,FR,Saint-Marin,
941,678,STP,FR,Sao Tomé-et-Principe,
942,680,CRQ,FR,Sercq,
943,682,SAU,FR,Arabie saoudite,
944,686,SEN,FR,Sénégal,
945,688,SRB,FR,Serbie,
946,690,SYC,FR,Seychelles,
947,694,SLE,FR,Sierra Leone,
948,702,SGP,FR,Singapour,
949,534,SXM,FR,Saint-Martin (partie néerlandaise),
950,703,SVK,FR,Slovaquie,
951,705,SVN,FR,Slovénie,
952,90,SLB,FR,Îles Salomon,
953,706,SOM,FR,Somalie,
954,710,ZAF,FR,Afrique du Sud,
955,239,SGS,FR,Géorgie du Sud-et-les Îles Sandwich du Sud,
956,728,SSD,FR,Soudan du Sud,
957,724,ESP,FR,Espagne,
958,144,LKA,FR,Sri Lanka,
959,275,PSE,FR,État de Palestine,
960,729,SDN,FR,Soudan,
961,740,SUR,FR,Suriname,
962,744,SJM,FR,Îles Svalbard-et-Jan Mayen,
963,752,SWE,FR,Suède,
964,756,CHE,FR,Suisse,
965,760,SYR,FR,République arabe syrienne,
966,762,TJK,FR,Tadjikistan,
967,764,THA,FR,Thaïlande,
968,626,TLS,FR,Timor-Leste,
969,768,TGO,FR,Togo,
970,772,TKL,FR,Tokélaou,
971,776,TON,FR,Tonga,
972,780,TTO,FR,Trinité-et-Tobago,
973,788,TUN,FR,Tunisie,
974,792,TUR,FR,Türkiye,
975,795,TKM,FR,Turkménistan,
976,796,TCA,FR,Îles Turques-et-Caïques,
977,798,TUV,FR,Tuvalu,
978,800,UGA,FR,Ouganda,
979,804,UKR,FR,Ukraine,
980,784,ARE,FR,Émirats arabes unis,
981,826,GBR,FR,Royaume-Uni de Grande-Bretagne et d’Irlande du Nord,
982,834,TZA,FR,République-Unie de Tanzanie,
983,581,UMI,FR,Îles mineures éloignées des États-Unis,
984,840,USA,FR,États-Unis d’Amérique,
985,850,VIR,FR,Îles Vierges américaines,
986,858,URY,FR,Uruguay,
987,860,UZB,FR,Ouzbékistan,
988,548,VUT,FR,Vanuatu,
989,862,VEN,FR,Venezuela (République bolivarienne du),
990,704,VNM,FR,Viet Nam,
991,876,WLF,FR,Îles Wallis-et-Futuna,
992,732,ESH,FR,Sahara occidental,
993,887,YEM,FR,Yémen,
994,894,ZMB,FR,Zambie,
995,716,ZWE,FR,Zimbabwe,
996,4,AFG,SP,Afganistán,
997,248,ALA,SP,Islas Åland,
998,8,ALB,SP,Albania,
999,12,DZA,SP,Argelia,
1000,16,ASM,SP,Samoa Americana,
1001,20,AND,SP,Andorra,
1002,24,AGO,SP,Angola,
1003,660,AIA,SP,Anguila,
1004,10,ATA,SP,Antártida,
1005,28,ATG,SP,Antigua y Barbuda,
1006,32,ARG,SP,Argentina,
1007,51,ARM,SP,Armenia,
1008,533,ABW,SP,Aruba,
1009,36,AUS,SP,Australia,
1010,40,AUT,SP,Austria,
1011,31,AZE,SP,Azerbaiyán,
1012,44,BHS,SP,Bahamas,
1013,48,BHR,SP,Bahrein,
1014,50,BGD,SP,Bangladesh,
1015,52,BRB,SP,Barbados,
1016,112,BLR,SP,Belarús,
1017,56,BEL,SP,Bélgica,
1018,84,BLZ,SP,Belice,
1019,204,BEN,SP,Benin,
1020,60,BMU,SP,Bermuda,
1021,64,BTN,SP,Bhután,
1022,68,BOL,SP,Bolivia (Estado Plurinacional de),
1023,535,BES,SP,"Bonaire, San Eustaquio y Saba",
1024,70,BIH,SP,Bosnia y Herzegovina,
1025,72,BWA,SP,Botswana,
1026,74,BVT,SP,Isla Bouvet,
1027,76,BRA,SP,Brasil,
1028,86,IOT,SP,Territorio Británico del Océano Índico,
1029,92,VGB,SP,Islas Vírgenes Británicas,
1030,96,BRN,SP,Brunei Darussalam,
1031,100,BGR,SP,Bulgaria,
1032,854,BFA,SP,Burkina Faso,
1033,108,BDI,SP,Burundi,
1034,132,CPV,SP,Cabo Verde,
1035,116,KHM,SP,Camboya,
1036,120,CMR,SP,Camerún,
1037,124,CAN,SP,Canadá,
1038,136,CYM,SP,Islas Caimán,
1039,140,CAF,SP,República Centroafricana,
1040,148,TCD,SP,Chad,
1041,152,CHL,SP,Chile,
1042,156,CHN,SP,China,
1043,344,HKG,SP,"China, región administrativa especial de Hong Kong",
1044,446,MAC,SP,"China, región administrativa especial de Macao",
1045,162,CXR,SP,Isla Christmas,
1046,166,CCK,SP,Islas Cocos (Keeling),
1047,170,COL,SP,Colombia,
1048,174,COM,SP,Comoras,
1049,178,COG,SP,Congo,
1050,184,COK,SP,Islas Cook,
1051,188,CRI,SP,Costa Rica,
1052,384,CIV,SP,Côte d’Ivoire,
1053,191,HRV,SP,Croacia,
1054,192,CUB,SP,Cuba,
1055,531,CUW,SP,Curazao,
1056,196,CYP,SP,Chipre,
1057,203,CZE,SP,Chequia,
1058,408,PRK,SP,República Popular Democrática de Corea,
1059,180,COD,SP,República Democrática del Congo,
1060,208,DNK,SP,Dinamarca,
1061,262,DJI,SP,Djibouti,
1062,212,DMA,SP,Dominica,
1063,214,DOM,SP,República Dominicana,
1064,218,ECU,SP,Ecuador,
1065,818,EGY,SP,Egipto,
1066,222,SLV,SP,El Salvador,
1067,226,GNQ,SP,Guinea Ecuatorial,
1068,232,ERI,SP,Eritrea,
1069,233,EST,SP,Estonia,
1070,748,SWZ,SP,Eswatini,
1071,231,ETH,SP,Etiopía,
1072,238,FLK,SP,Islas Malvinas (Falkland),
1073,234,FRO,SP,Islas Feroe,
1074,242,FJI,SP,Fiji,
1075,246,FIN,SP,Finlandia,
1076,250,FRA,SP,Francia,
1077,254,GUF,SP,Guayana Francesa,
1078,258,PYF,SP,Polinesia Francesa,
1079,260,ATF,SP,Territorio de las Tierras Australes Francesas,
1080,266,GAB,SP,Gabón,
1081,270,GMB,SP,Gambia,
1082,268,GEO,SP,Georgia,
1083,276,DEU,SP,Alemania,
1084,288,GHA,SP,Ghana,
1085,292,GIB,SP,Gibraltar,
1086,300,GRC,SP,Grecia,
1087,304,GRL,SP,Groenlandia,
1088,308,GRD,SP,Granada,
1089,312,GLP,SP,Guadalupe,
1090,316,GUM,SP,Guam,
1091,320,GTM,SP,Guatemala,
1092,831,GGY,SP,Guernsey,
1093,324,GIN,SP,Guinea,
1094,624,GNB,SP,Guinea-Bissau,
1095,328,GUY,SP,Guyana,
1096,332,HTI,SP,Haití,
1097,334,HMD,SP,Islas Heard y McDonald,
1098,336,VAT,SP,Santa Sede,
1099,340,HND,SP,Honduras,
1100,348,HUN,SP,Hungría,
1101,352,ISL,SP,Islandia,
1102,356,IND,SP,India,
1103,360,IDN,SP,Indonesia,
1104,364,IRN,SP,Irán (República Islámica del),
1105,368,IRQ,SP,Iraq,
1106,372,IRL,SP,Irlanda,
1107,833,IMN,SP,Isla de Man,
1108,376,ISR,SP,Israel,
1109,380,ITA,SP,Italia,
1110,388,JAM,SP,Jamaica,
1111,392,JPN,SP,Japón,
1112,832,JEY,SP,Jersey,
1113,400,JOR,SP,Jordania,
1114,398,KAZ,SP,Kazajstán,
1115,404,KEN,SP,Kenya,
1116,296,KIR,SP,Kiribati,
1117,414,KWT,SP,Kuwait,
1118,417,KGZ,SP,Kirguistán,
1119,418,LAO,SP,República Democrática Popular Lao,
1120,428,LVA,SP,Letonia,
1121,422,LBN,SP,Líbano,
1122,426,LSO,SP,Lesotho,
1123,430,LBR,SP,Liberia,
1124,434,LBY,SP,Libia,
1125,438,LIE,SP,Liechtenstein,
1126,440,LTU,SP,Lituania,
1127,442,LUX,SP,Luxemburgo,
1128,450,MDG,SP,Madagascar,
1129,454,MWI,SP,Malawi,
1130,458,MYS,SP,Malasia,
1131,462,MDV,SP,Maldivas,
1132,466,MLI,SP,Malí,
1133,470,MLT,SP,Malta,
1134,584,MHL,SP,Islas Marshall,
1135,474,MTQ,SP,Martinica,
1136,478,MRT,SP,Mauritania,
1137,480,MUS,SP,Mauricio,
1138,175,MYT,SP,Mayotte,
1139,484,MEX,SP,México,
1140,583,FSM,SP,Micronesia (Estados Federados de),
1141,492,MCO,SP,Mónaco,
1142,496,MNG,SP,Mongolia,
1143,499,MNE,SP,Montenegro,
1144,500,MSR,SP,Montserrat,
1145,504,MAR,SP,Marruecos,
1146,508,MOZ,SP,Mozambique,
1147,104,MMR,SP,Myanmar,
1148,516,NAM,SP,Namibia,
1149,520,NRU,SP,Nauru,
1150,524,NPL,SP,Nepal,
1151,528,NLD,SP,Países Bajos,
1152,540,NCL,SP,Nueva Caledonia,
1153,554,NZL,SP,Nueva Zelandia,
1154,558,NIC,SP,Nicaragua,
1155,562,NER,SP,Níger,
1156,566,NGA,SP,Nigeria,
1157,570,NIU,SP,Niue,
1158,574,NFK,SP,Isla Norfolk,
1159,807,MKD,SP,Macedonia del Norte,
1160,580,MNP,SP,Islas Marianas Septentrionales,
1161,578,NOR,SP,Noruega,
1162,512,OMN,SP,Omán,
1163,586,PAK,SP,Pakistán,
1164,585,PLW,SP,Palau,
1165,591,PAN,SP,Panamá,
1166,598,PNG,SP,Papua Nueva Guinea,
1167,600,PRY,SP,Paraguay,
1168,604,PER,SP,Perú,
1169,608,PHL,SP,Filipinas,
1170,612,PCN,SP,Pitcairn,
1171,616,POL,SP,Polonia,
1172,620,PRT,SP,Portugal,
1173,630,PRI,SP,Puerto Rico,
1174,634,QAT,SP,Qatar,
1175,410,KOR,SP,República de Corea,
1176,498,MDA,SP,República de Moldova,
1177,638,REU,SP,Reunión,
1178,642,ROU,SP,Rumania,
1179,643,RUS,SP,Federación de Rusia,
1180,646,RWA,SP,Rwanda,
1181,652,BLM,SP,San Barthélemy,
1182,654,SHN,SP,Santa Elena,
1183,659,KNA,SP,Saint Kitts y Nevis,
1184,662,LCA,SP,Santa Lucía,
1185,663,MAF,SP,San Martín (parte francesa),
1186,666,SPM,SP,San Pedro y Miquelón,
1187,670,VCT,SP,San Vicente y las Granadinas,
1188,882,WSM,SP,Samoa,
1189,674,SMR,SP,San Marino,
1190,678,STP,SP,Santo Tomé y Príncipe,
1191,680,CRQ,SP,Sark,
1192,682,SAU,SP,Arabia Saudita,
1193,686,SEN,SP,Senegal,
1194,688,SRB,SP,Serbia,
1195,690,SYC,SP,Seychelles,
1196,694,SLE,SP,Sierra Leona,
1197,702,SGP,SP,Singapur,
1198,534,SXM,SP,San Martín (parte Holandesa),
1199,703,SVK,SP,Eslovaquia,
1200,705,SVN,SP,Eslovenia,
1201,90,SLB,SP,Islas Salomón,
1202,706,SOM,SP,Somalia,
1203,710,ZAF,SP,Sudáfrica,
1204,239,SGS,SP,Georgia del Sur y las Islas Sandwich del Sur,
1205,728,SSD,SP,Sudán del Sur,
1206,724,ESP,SP,España,
1207,144,LKA,SP,Sri Lanka,
1208,275,PSE,SP,Estado de Palestina,
1209,729,SDN,SP,Sudán,
1210,740,SUR,SP,Suriname,
1211,744,SJM,SP,Islas Svalbard y Jan Mayen,
1212,752,SWE,SP,Suecia,
1213,756,CHE,SP,Suiza,
1214,760,SYR,SP,República Árabe Siria,
1215,762,TJK,SP,Tayikistán,
1216,764,THA,SP,Tailandia,
1217,626,TLS,SP,Timor-Leste,
1218,768,TGO,SP,Togo,
1219,772,TKL,SP,Tokelau,
1220,776,TON,SP,Tonga,
1221,780,TTO,SP,Trinidad y Tabago,
1222,788,TUN,SP,Túnez,
1223,792,TUR,SP,Türkiye,
1224,795,TKM,SP,Turkmenistán,
1225,796,TCA,SP,Islas Turcas y Caicos,
1226,798,TUV,SP,Tuvalu,
1227,800,UGA,SP,Uganda,
1228,804,UKR,SP,Ucrania,
1229,784,ARE,SP,Emiratos Árabes Unidos,
1230,826,GBR,SP,Reino Unido de Gran Bretaña e Irlanda del Norte,
1231,834,TZA,SP,República Unida de Tanzanía,
1232,581,UMI,SP,Islas menores alejadas de Estados Unidos,
1233,840,USA,SP,Estados Unidos de América,
1234,850,VIR,SP,Islas Vírgenes de los Estados Unidos,
1235,858,URY,SP,Uruguay,
1236,860,UZB,SP,Uzbekistán,
1237,548,VUT,SP,Vanuatu,
1238,862,VEN,SP,Venezuela (República Bolivariana de),
1239,704,VNM,SP,Viet Nam,
1240,876,WLF,SP,Islas Wallis y Futuna,
1241,732,ESH,SP,Sáhara Occidental,
1242,887,YEM,SP,Yemen,
1243,894,ZMB,SP,Zambia,
1244,716,ZWE,SP,Zimbabwe,
1245,4,AFG,AR,أفغانستان,
1246,248,ALA,AR,جزر ألاند,
1247,8,ALB,AR,ألبانيا,
1248,12,DZA,AR,الجزائر,
1249,16,ASM,AR,ساموا الأمريكية,
1250,20,AND,AR,أندورا,
1251,24,AGO,AR,أنغولا,
1252,660,AIA,AR,أنغويلا,
1253,10,ATA,AR,أنتاركتيكا,
1254,28,ATG,AR,أنتيغوا وبربودا,
1255,32,ARG,AR,الأرجنتين,
1256,51,ARM,AR,أرمينيا,
1257,533,ABW,AR,أروبا,
1258,36,AUS,AR,أستراليا,
1259,40,AUT,AR,النمسا,
1260,31,AZE,AR,أذربيجان,
1261,44,BHS,AR,جزر البهاما,
1262,48,BHR,AR,البحرين,
1263,50,BGD,AR,بنغلاديش,
1264,52,BRB,AR,بربادوس,
1265,112,BLR,AR,بيلاروس,
1266,56,BEL,AR,بلجيكا,
1267,84,BLZ,AR,بليز,
1268,204,BEN,AR,بنن,
1269,60,BMU,AR,برمودا,
1270,64,BTN,AR,بوتان,
1271,68,BOL,AR,بوليفيا (دولة - المتعددة القوميات),
1272,535,BES,AR,بونير وسانت يوستاشيوس وسابا,
1273,70,BIH,AR,البوسنة والهرسك,
1274,72,BWA,AR,بوتسوانا,
1275,74,BVT,AR,جزيرة بوفيت,
1276,76,BRA,AR,البرازيل,
1277,86,IOT,AR,المحيط الهندي الإقليم البريطاني في,
1278,92,VGB,AR,جزر فرجن البريطانية,
1279,96,BRN,AR,بروني دار السلام,
1280,100,BGR,AR,بلغاريا,
1281,854,BFA,AR,بوركينا فاسو,
1282,108,BDI,AR,بوروندي,
1283,132,CPV,AR,كابو فيردي,
1284,116,KHM,AR,كمبوديا,
1285,120,CMR,AR,الكاميرون,
1286,124,CAN,AR,كندا,
1287,136,CYM,AR,جزر كايمان,
1288,140,CAF,AR,جمهورية أفريقيا الوسطى,
1289,148,TCD,AR,تشاد,
1290,152,CHL,AR,شيلي,
1291,156,CHN,AR,الصين,
1292,344,HKG,AR,"الصين، منطقة هونغ كونغ الإدارية الخاصة",
1293,446,MAC,AR,"الصين، منطقة ماكاو الإدارية الخاصة",
1294,162,CXR,AR,جزيرة عيد الميلاد,
1295,166,CCK,AR,جزر كوكس (كيلينغ),
1296,170,COL,AR,كولومبيا,
1297,174,COM,AR,جزر القمر,
1298,178,COG,AR,الكونغو,
1299,184,COK,AR,جزر كوك,
1300,188,CRI,AR,كوستاريكا,
1301,384,CIV,AR,كوت ديفوار,
1302,191,HRV,AR,كرواتيا,
1303,192,CUB,AR,كوبا,
1304,531,CUW,AR,كوراساو,
1305,196,CYP,AR,قبرص,
1306,203,CZE,AR,تشيكيا,
1307,408,PRK,AR,جمهورية كوريا الشعبية الديمقراطية,
1308,180,COD,AR,جمهورية الكونغو الديمقراطية,
1309,208,DNK,AR,الدانمرك,
1310,262,DJI,AR,جيبوتي,
1311,212,DMA,AR,دومينيكا,
1312,214,DOM,AR,الجمهورية الدومينيكية,
1313,218,ECU,AR,إكوادور,
1314,818,EGY,AR,مصر,
1315,222,SLV,AR,السلفادور,
1316,226,GNQ,AR,غينيا الاستوائية,
1317,232,ERI,AR,إريتريا,
1318,233,EST,AR,إستونيا,
1319,748,SWZ,AR,إسواتيني,
1320,231,ETH,AR,إثيوبيا,
1321,238,FLK,AR,جزر فوكلاند (مالفيناس),
1322,234,FRO,AR,جزر فايرو,
1323,242,FJI,AR,فيجي,
1324,246,FIN,AR,فنلندا,
1325,250,FRA,AR,فرنسا,
1326,254,GUF,AR,غيانا الفرنسية,
1327,258,PYF,AR,بولينيزيا الفرنسية,
1328,260,ATF,AR,الأراضي الفرنسية الجنوبية الجنوبية,
1329,266,GAB,AR,غابون,
1330,270,GMB,AR,غامبيا,
1331,268,GEO,AR,جورجيا,
1332,276,DEU,AR,ألمانيا,
1333,288,GHA,AR,غانا,
1334,292,GIB,AR,جبل طارق,
1335,300,GRC,AR,اليونان,
1336,304,GRL,AR,غرينلند,
1337,308,GRD,AR,غرينادا,
1338,312,GLP,AR,غوادلوب,
1339,316,GUM,AR,غوام,
1340,320,GTM,AR,غواتيمالا,
1341,831,GGY,AR,غيرنسي,
1342,324,GIN,AR,غينيا,
1343,624,GNB,AR,غينيا - بيساو,
1344,328,GUY,AR,غيانا,
1345,332,HTI,AR,هايتي,
1346,334,HMD,AR,جزيرة هيرد وجزر ماكدونالد,
1347,336,VAT,AR,الكرسي الرسولي,
1348,340,HND,AR,هندوراس,
1349,348,HUN,AR,هنغاريا,
1350,352,ISL,AR,آيسلندا,
1351,356,IND,AR,الهند,
1352,360,IDN,AR,إندونيسيا,
1353,364,IRN,AR,إيران (جمهورية - الإسلامية),
1354,368,IRQ,AR,العراق,
1355,372,IRL,AR,آيرلندا,
1356,833,IMN,AR,جزيرة مان,
1357,376,ISR,AR,إسرائيل,
1358,380,ITA,AR,إيطاليا,
1359,388,JAM,AR,جامايكا,
1360,392,JPN,AR,اليابان,
1361,832,JEY,AR,جيرسي,
1362,400,JOR,AR,الأردن,
1363,398,KAZ,AR,كازاخستان,
1364,404,KEN,AR,كينيا,
1365,296,KIR,AR,كيريباس,
1366,414,KWT,AR,الكويت,
1367,417,KGZ,AR,قيرغيزستان,
1368,418,LAO,AR,جمهورية لاو الديمقراطية الشعبية,
1369,428,LVA,AR,لاتفيا,
1370,422,LBN,AR,لبنان,
1371,426,LSO,AR,ليسوتو,
1372,430,LBR,AR,ليبريا,
1373,434,LBY,AR,ليبيا,
1374,438,LIE,AR,ليختنشتاين,
1375,440,LTU,AR,ليتوانيا,
1376,442,LUX,AR,لكسمبرغ,
1377,450,MDG,AR,مدغشقر,
1378,454,MWI,AR,ملاوي,
1379,458,MYS,AR,ماليزيا,
1380,462,MDV,AR,ملديف,
1381,466,MLI,AR,مالي,
1382,470,MLT,AR,مالطة,
1383,584,MHL,AR,جزر مارشال,
1384,474,MTQ,AR,مارتينيك,
1385,478,MRT,AR,موريتانيا,
1386,480,MUS,AR,موريشيوس,
1387,175,MYT,AR,مايوت,
1388,484,MEX,AR,المكسيك,
1389,583,FSM,AR,ميكرونيزيا (ولايات - الموحدة),
1390,492,MCO,AR,موناكو,
1391,496,MNG,AR,منغوليا,
1392,499,MNE,AR,الجبل الأسود,
1393,500,MSR,AR,مونتسيرات,
1394,504,MAR,AR,المغرب,
1395,508,MOZ,AR,موزامبيق,
1396,104,MMR,AR,ميانمار,
1397,516,NAM,AR,ناميبيا,
1398,520,NRU,AR,ناورو,
1399,524,NPL,AR,نيبال,
1400,528,NLD,AR,هولندا,
1401,540,NCL,AR,كاليدونيا الجديدة,
1402,554,NZL,AR,نيوزيلندا,
1403,558,NIC,AR,نيكاراغوا,
1404,562,NER,AR,النيجر,
1405,566,NGA,AR,نيجيريا,
1406,570,NIU,AR,نيوي,
1407,574,NFK,AR,جزيرة نورفولك,
1408,807,MKD,AR,مقدونيا الشمالية,
1409,580,MNP,AR,جزر ماريانا الشمالية,
1410,578,NOR,AR,النرويج,
1411,512,OMN,AR,عمان,
1412,586,PAK,AR,باكستان,
1413,585,PLW,AR,بالاو,
1414,591,PAN,AR,بنما,
1415,598,PNG,AR,بابوا غينيا الجديدة,
1416,600,PRY,AR,باراغواي,
1417,604,PER,AR,بيرو,
1418,608,PHL,AR,الفلبين,
1419,612,PCN,AR,بيتكرن,
1420,616,POL,AR,بولندا,
1421,620,PRT,AR,البرتغال,
1422,630,PRI,AR,بورتوريكو,
1423,634,QAT,AR,قطر,
1424,410,KOR,AR,جمهورية كوريا,
1425,498,MDA,AR,جمهورية مولدوفا,
1426,638,REU,AR,ريونيون,
1427,642,ROU,AR,رومانيا,
1428,643,RUS,AR,الاتحاد الروسي,
1429,646,RWA,AR,رواندا,
1430,652,BLM,AR,سان بارتليمي,
1431,654,SHN,AR,سانت هيلانة,
1432,659,KNA,AR,سانت كيتس ونيفس,
1433,662,LCA,AR,سانت لوسيا,
1434,663,MAF,AR,سانت مارتن (الجزء الفرنسي),
1435,666,SPM,AR,سان بيير وميكلون,
1436,670,VCT,AR,سانت فنسنت وجزر غرينادين,
1437,882,WSM,AR,ساموا,
1438,674,SMR,AR,سان مارينو,
1439,678,STP,AR,سان تومي وبرينسيبي,
1440,680,CRQ,AR,سارك,
1441,682,SAU,AR,المملكة العربية السعودية,
1442,686,SEN,AR,السنغال,
1443,688,SRB,AR,صربيا,
1444,690,SYC,AR,سيشيل,
1445,694,SLE,AR,سيراليون,
1446,702,SGP,AR,سنغافورة,
1447,534,SXM,AR,سانت مارتن (الجزء الهولندي),
1448,703,SVK,AR,سلوفاكيا,
1449,705,SVN,AR,سلوفينيا,
1450,90,SLB,AR,جزر سليمان,
1451,706,SOM,AR,الصومال,
1452,710,ZAF,AR,جنوب أفريقيا,
1453,239,SGS,AR,جورجيا الجنوبية وجزر ساندويتش الجنوبية,
1454,728,SSD,AR,جنوب السودان,
1455,724,ESP,AR,إسبانيا,
1456,144,LKA,AR,سري لانكا,
1457,275,PSE,AR,دولة فلسطين,
1458,729,SDN,AR,السودان,
1459,740,SUR,AR,سورينام,
1460,744,SJM,AR,جزيرتي سفالبارد وجان مايِن,
1461,752,SWE,AR,السويد,
1462,756,CHE,AR,سويسرا,
1463,760,SYR,AR,الجمهورية العربية السورية,
1464,762,TJK,AR,طاجيكستان,
1465,764,THA,AR,تايلند,
1466,626,TLS,AR,تيمور - ليشتي,
1467,768,TGO,AR,توغو,
1468,772,TKL,AR,توكيلاو,
1469,776,TON,AR,تونغا,
1470,780,TTO,AR,ترينيداد وتوباغو,
1471,788,TUN,AR,تونس,
1472,792,TUR,AR,تركيا,
1473,795,TKM,AR,تركمانستان,
1474,796,TCA,AR,جزر تركس وكايكوس,
1475,798,TUV,AR,توفالو,
1476,800,UGA,AR,أوغندا,
1477,804,UKR,AR,أوكرانيا,
1478,784,ARE,AR,الإمارات العربية المتحدة,
1479,826,GBR,AR,المملكة المتحدة لبريطانيا العظمى وآيرلندا الشمالية,
1480,834,TZA,AR,جمهورية تنزانيا المتحدة,
1481,581,UMI,AR,نائية التابعة للولايات المتحدة,
1482,840,USA,AR,الولايات المتحدة الأمريكية,
1483,850,VIR,AR,جزر فرجن التابعة للولايات المتحدة,
1484,858,URY,AR,أوروغواي,
1485,860,UZB,AR,أوزبكستان,
1486,548,VUT,AR,فانواتو,
1487,862,VEN,AR,فنزويلا (جمهورية - البوليفارية),
1488,704,VNM,AR,فييت نام,
1489,876,WLF,AR,جزر واليس وفوتونا,
1490,732,ESH,AR,الصحراء الغربية,
1491,887,YEM,AR,اليمن,
1492,894,ZMB,AR,زامبيا,
1493,716,ZWE,AR,زمبابوي,
1494,4,AFG,EN,Afghanistan,"common, English"
1495,4,AFG,EN,Islamic Republic of Afghanistan,"official, English"
1496,4,AFG,EN,Da Afganistan Islami Jumhoryat,"official, Pashto"
1497,4,AFG,EN,Jomhuriyyeh Eslamiyyeh Afganestan,"official, Dari"
1498,8,ALB,EN,Albania,"common, English"
1499,8,ALB,EN,Republic of Albania,"official, English"
1500,8,ALB,EN,Republika e Shqipërisë,"official, Albanian"
1501,8,ALB,EN,Arnavutluk,Turkish
1502,8,ALB,EN,Arbanon,"former, English"
1503,12,DZA,EN,Algeria,"common, English"
1504,12,DZA,EN,People's Democratic Republic of Algeria,"official, English"
1505,12,DZA,EN,al-Jaza’ir,"common, Arabic"
1506,12,DZA,EN,al Jumhuriyya al Jazaa'iriyya ad-Dimuqratiyya ash Sha'biyya,"official, Arabic"
1507,20,AND,EN,Andorra,"common, English"
1508,20,AND,EN,Principality of Andorra,"official, English"
1509,20,AND,EN,Principat d'Andorra,"official, Catalan"
1510,20,AND,EN,Principality of the Valleys of Andorra,"alternate, English"
1511,32,ARG,EN,Argentina,"common, English"
1512,32,ARG,EN,Argentine Republic,"official, English"
1513,32,ARG,EN,la Argentina,"colloquial, Spanish"
1514,32,ARG,EN,the Argentine,"archaic, English"
1515,32,ARG,EN,Argentine Nation,"official and legally preferred, English"
1516,32,ARG,EN,United Provinces of the Río de la Plata,"official, English"
1517,32,ARG,EN,Argentine Confederation,"official, English"
1518,51,ARM,EN,Armenia,"common, English"
1519,51,ARM,EN,Hayastan,transliterated Armenian
1520,51,ARM,EN,Republic of Armenia,"official, English"
1521,36,AUS,EN,Australia,"common, English"
1522,36,AUS,EN,Commonwealth of Australia,"official, English"
1523,36,AUS,EN,New Holland,"former name, English"
1524,40,AUT,EN,Austria,"common, English"
1525,40,AUT,EN,Republic of Austria,"official, English"
1526,40,AUT,EN,Republik Österreich,"official, German"
1527,40,AUT,EN,Österreich,"common, German"
1528,31,AZE,EN,Azerbaijan,"common, English"
1529,31,AZE,EN,Az?ebaycan Respublikasi,"official, Azerbaijani"
1530,31,AZE,EN,Republic of Azerbaijan,"official, English"
1531,44,BHS,EN,The Bahamas,"common, English"
1532,44,BHS,EN,Commonwealth of The Bahamas,"official, English"
1533,44,BHS,EN,Commonwealth of the Bahama Islands,"former official, English"
1534,44,BHS,EN,Bahama Islands,"colonial name, English"
1535,48,BHR,EN,Bahrain,"common, English"
1536,48,BHR,EN,Kingdom of Bahrain,"official, English"
1537,48,BHR,EN,Mamlakat al-Bahrayn,"official, Arabic"
1538,48,BHR,EN,State of Bahrain,"former official, English"
1539,50,BGD,EN,Bangladesh,"common, English"
1540,50,BGD,EN,People's Republic of Bangladesh,long official name in English
1541,50,BGD,EN,Bengal Presidency,former political name
1542,50,BGD,EN,East Bengal,former political name
1543,50,BGD,EN,East Pakistan,former political name
1544,52,BRB,EN,Barbados,"official, English"
1545,52,BRB,EN,Bim,nickname
1546,52,BRB,EN,Bimshire,nickname
1547,52,BRB,EN,Little England,nickname
1548,52,BRB,EN,The Rock,nickname
1549,112,BLR,EN,Belarus,"common, English"
1550,112,BLR,EN,Republic of Belarus,"official, English"
1551,112,BLR,EN,Gudija,Lithuanian
1552,112,BLR,EN,Byelorussia,former name
1553,112,BLR,EN,White Russia,outdated
1554,56,BEL,EN,Belgium,"common, English"
1555,56,BEL,EN,Kingdom of Belgium,"official, English"
1556,56,BEL,EN,Koninkrijk België,"official, Dutch"
1557,56,BEL,EN,Royaume de Belgique,"official, French"
1558,56,BEL,EN,Königreich Belgien,"official, German"
1559,84,BLZ,EN,Belize,"common, English"
1560,84,BLZ,EN,British Honduras,"former, English"
1561,204,BEN,EN,Benin,"common, English"
1562,204,BEN,EN,Dahomey,former name
1563,204,BEN,EN,Republic of Benin,"official, English"
1564,204,BEN,EN,République du Bénin,"official, French"
1565,64,BTN,EN,Bhutan,"common, English"
1566,64,BTN,EN,Kingdom of Bhutan,"official, English"
1567,64,BTN,EN,Druk Gyal Khap,"official, Dzongkha"
1568,68,BOL,EN,Bolivia,"common, English"
1569,68,BOL,EN,Plurinational State of Bolivia,"official, English"
1570,68,BOL,EN,Estado Plurinacional de Bolivia,"official, Spanish"
1571,68,BOL,EN,Republic of Bolívar,"former official, English"
1572,68,BOL,EN,Republic of Bolivia,"former official, English"
1573,70,BIH,EN,Bosnia and Herzegovina,"official, English"
1574,70,BIH,EN,Republic of Bosnia and Herzegovina,"former official, English"
1575,70,BIH,EN,Socialist Republic of Bosnia and Herzegovina,"former official, English"
1576,72,BWA,EN,Botswana,"common, English"
1577,72,BWA,EN,Bechuanaland,"former, English"
1578,72,BWA,EN,Republic of Botswana,"official, English"
1579,76,BRA,EN,Brazil,"common, English"
1580,76,BRA,EN,Pindorama,"in Tupi and Guarani, native languages"
1581,76,BRA,EN,Terra de Santa Cruz,early Portuguese colonization
1582,76,BRA,EN,Ilha de Vera Cruz,"former, Portuguese"
1583,76,BRA,EN,Empire of Brazil,"former, English"
1584,76,BRA,EN,United States of Brazil,"former, English"
1585,76,BRA,EN,Federative Republic of Brazil,"official, English"
1586,76,BRA,EN,República Federativa do Brasil,"official, Portuguese"
1587,76,BRA,EN,Terra di Papaga,"former, Italian"
1588,96,BRN,EN,Brunei,"common, English"
1589,96,BRN,EN,"Nation of Brunei, the Abode of Peace","official name, English"
1590,96,BRN,EN,State of Brunei,"colonial name, English"
1591,96,BRN,EN,Negara Brunei Darussalam,Malay
1592,96,BRN,EN,Brunei Darussalam,Malay
1593,100,BGR,EN,Bulgaria,"common, English"
1594,100,BGR,EN,Republic of Bulgaria,"official, English"
1595,100,BGR,EN,People's Republic of Bulgaria,"former official, English"
1596,854,BFA,EN,Burkina Faso,"official, English and French"
1597,854,BFA,EN,Upper Volta,"former name, English"
1598,854,BFA,EN,Haute-Volta,"former name, French"
1599,854,BFA,EN,Bourkina-Fasso,unofficial French
1600,108,BDI,EN,Burundi,"common, English"
1601,108,BDI,EN,Republic of Burundi,"official, English"
1602,108,BDI,EN,Republika y'Uburundi,"official, Kirundi"
1603,108,BDI,EN,République du Burundi,"official, French"
1604,108,BDI,EN,Kingdom of Burundi,"former official, English"
1605,116,KHM,EN,Cambodia,"common, English"
1606,116,KHM,EN,Kingdom of Cambodia,"official, English"
1607,116,KHM,EN,Royaume du Cambodge,"official, French"
1608,116,KHM,EN,Kampuchea,former official English transliteration
1609,116,KHM,EN,Khmer Republic,former official
1610,116,KHM,EN,Democratic Kampuchea,former official
1611,116,KHM,EN,People's Republic of Kampuchea,former official
1612,116,KHM,EN,State of Cambodia,former official
1613,120,CMR,EN,Cameroon,"common, English"
1614,120,CMR,EN,Republic of Cameroon,"official, English"
1615,120,CMR,EN,United Republic of Cameroon,"former official, English"
1616,120,CMR,EN,Kamerun,"former colonial, German"
1617,124,CAN,EN,Canada,"official, English and French"
1618,124,CAN,EN,Dominion of Canada,"historical long form, English"
1619,124,CAN,EN,Dominion du Canada,"historical long form, French"
1620,124,CAN,EN,Acadia,French colony
1621,124,CAN,EN,Francisca,as labeled on an old map
1622,132,CPV,EN,Cape Verde,"common, English"
1623,132,CPV,EN,Cabo Verde,"official, Portuguese and English"
1624,140,CAF,EN,Central African Republic,"official, English"
1625,140,CAF,EN,Oubangui-Chari,"former, French"
1626,140,CAF,EN,Ubangi-Shari,English
1627,140,CAF,EN,République Centrafricaine,"official, French"
1628,140,CAF,EN,Empire Centrafricain,"former official, French"
1629,140,CAF,EN,Central African Empire,English
1630,148,TCD,EN,Chad,"official, English"
1631,148,TCD,EN,Republic of Chad,"official, English"
1632,148,TCD,EN,République du Tchad,"official, French"
1633,148,TCD,EN,Jumhuriyat Tashad,"official, Arabic"
1634,152,CHL,EN,Chile,"common, English"
1635,152,CHL,EN,Republic of Chile,"official, English"
1636,152,CHL,EN,Chilli,Mapuche
1637,152,CHL,EN,Chili,Quechua
1638,152,CHL,EN,Reyno de Chile,colonial Spanish
1639,152,CHL,EN,Capitania general de Chile,colonial Spanish
1640,156,CHN,EN,China,"common, English"
1641,156,CHN,EN,People's Republic of China,official
1642,156,CHN,EN,Communist China,"colloquial, mainly used by Western countries"
1643,156,CHN,EN,Red China,"colloquial, mainly derogatory"
1644,156,CHN,EN,Mainland China,"colloquial, refers to the area that the PRC Government administers since the end of the Chinese Civil War"
1645,156,CHN,EN,New China,"colloquial, pro-Communist"
1646,156,CHN,EN,"Shenzhou, Ch'in Empire, Cathay","obsolete, now mainly used poetically"
1647,156,CHN,EN,Zhongguo,Chinese
1648,170,COL,EN,Colombia,"common, English"
1649,170,COL,EN,Republic of Colombia,"official, English"
1650,170,COL,EN,República de Colombia,"official, Spanish"
1651,170,COL,EN,Estados Unidos de Colombia,"former official, Spanish"
1652,170,COL,EN,Confederación Granadina,"former official, Spanish"
1653,170,COL,EN,República de la Nueva Granada,"former official, Spanish"
1654,174,COM,EN,Comoros,"common, English"
1655,174,COM,EN,Union of the Comoros,"official, English"
1656,174,COM,EN,Union des Comores,"official, French"
1657,174,COM,EN,Udzima wa Komori,"official, Swahili"
1658,174,COM,EN,al-Ittihad al-Qumuri,"official, Arabic"
1659,174,COM,EN,United Republic of the Commoros,"official, English"
1660,188,CRI,EN,Costa Rica,"common, English"
1661,188,CRI,EN,Republic of Costa Rica,"official, English"
1662,188,CRI,EN,República de Costa Rica,"official, Spanish"
1663,384,CIV,EN,Côte d'Ivoire,"common, French and English"
1664,384,CIV,EN,Ivory Coast,"common, English"
1665,384,CIV,EN,the Ivory Coast,common English
1666,384,CIV,EN,Republic of Côte d'Ivoire,official English
1667,384,CIV,EN,République de Côte d'Ivoire,"official, French"
1668,191,HRV,EN,Croatia,"common, English"
1669,191,HRV,EN,Republic of Croatia,"official, English"
1670,191,HRV,EN,Republika Hrvatska,"official, Croatian"
1671,191,HRV,EN,Hrvatska,"common, Croatian; also in Serbian, Bosnian and Montenegrin"
1672,191,HRV,EN,Hrvaška,Slovenian
1673,192,CUB,EN,Cuba,"common, English"
1674,192,CUB,EN,Republic of Cuba,"official, English"
1675,192,CUB,EN,República de Cuba,"official, Spanish"
1676,203,CZE,EN,Czech Republic,"official, English"
1677,203,CZE,EN,Czechia,"official shortform name, English"
1678,203,CZE,EN,Ceská republika,"official, Czech, Slovak"
1679,203,CZE,EN,Cesko,"common, Czech, Slovak"
1680,203,CZE,EN,CR,Czech initialism
1681,203,CZE,EN,CR,English initialism
1682,203,CZE,EN,Bohemia,"former, English"
1683,203,CZE,EN,Czechland,"unofficial, English"
1684,203,CZE,EN,the Czechlands,"unofficial, English"
1685,203,CZE,EN,Ceské zeme,Czech for Bohemian lands or Czech lands
1686,203,CZE,EN,Former Ceská socialistická republika,Czech for the Czech Socialist Republic
1687,203,CZE,EN,CSR,Czech initialism
1688,203,CZE,EN,CSR,English initialism Protektorát
1689,203,CZE,EN,Cechy a Morava,Czech for the Protectorate of Bohemia and Moravia
1690,203,CZE,EN,Zeme Koruny ceské,Czech for the Lands of the Bohemian Crown
1691,203,CZE,EN,Koruna ceská,Czech for the Bohemian Crown
1692,203,CZE,EN,Ceská konfederace,Czech for the Bohemian Confederation
1693,208,DNK,EN,Denmark,"common, English"
1694,208,DNK,EN,Danmark,"common, Danish, Swedish, Norwegian"
1695,208,DNK,EN,Kingdom of Denmark,"official, English"
1696,208,DNK,EN,Kongeriget Danmark,"official, Danish"
1697,180,COD,EN,Democratic Republic of Congo,"official, English"
1698,180,COD,EN,Zaire,"former official name, 1971 to 1997; still occasionally used to distinguish it from Republic of the Congo"
1699,180,COD,EN,DRC,initialism
1700,180,COD,EN,Congo Kinshasa,used in contrast to Congo Brazzaville
1701,180,COD,EN,Belgian Congo,"former name during Belgian colonization, 1908 to 1960, English"
1702,180,COD,EN,Congo belge,"former name, French"
1703,180,COD,EN,Congo Free State,"former name, 1885 to 1908"
1704,180,COD,EN,Republic of the Congo,"former name, 1960 to 1964, during which time both Congos had identical official names"
1705,262,DJI,EN,Djibouti,common
1706,262,DJI,EN,"French Territory of the Afars and the Issas, French Somaliland, Obock Territory","former names, English"
1707,262,DJI,EN,"Territoire français des Afars et des Issas, Côte française des Somalis, Territoire d'Obock","former names, French"
1708,262,DJI,EN,Republic of Djibouti,"official, English"
1709,262,DJI,EN,République de Djibouti,"official, French"
1710,626,TLS,EN,East Timor,common
1711,626,TLS,EN,Timor-Leste,"official shortform name, English, Portuguese"
1712,626,TLS,EN,Democratic Republic of Timor-Leste,"official, English"
1713,818,EGY,EN,Egypt,common
1714,818,EGY,EN,Misr,"formal shortened, Arabic"
1715,818,EGY,EN,Mess,"common, Arabic"
1716,818,EGY,EN,Aegyptus,"former, Latin"
1717,818,EGY,EN,Kimi,Coptic
1718,818,EGY,EN,Arab Republic of Egypt,"official, English"
1719,233,EST,EN,Estonia,common
1720,233,EST,EN,Eesti,"common, Estonian"
1721,233,EST,EN,Viru,"poetic, Estonian"
1722,233,EST,EN,Viro,"common, Finnish"
1723,233,EST,EN,Estland,"common, German, Swedish, Danish, Norwegian, Dutch"
1724,233,EST,EN,Maarjamaa,"Terra Mariana poetic, Estonian"
1725,233,EST,EN,Igaunija,"common, Latvian"
1726,748,SWZ,EN,Eswatini,common
1727,748,SWZ,EN,Swaziland,"common, former"
1728,748,SWZ,EN,eSwatini,Swazi
1729,748,SWZ,EN,Kingdom of Eswatini,"official, English"
1730,231,ETH,EN,Ethiopia,common
1731,231,ETH,EN,Abyssinia,former
1732,231,ETH,EN,Habeshastan,Turkish
1733,231,ETH,EN,Federal Democratic Republic of Ethiopia,"official, English"
1734,231,ETH,EN,Ethiopië,"common, Dutch"
1735,231,ETH,EN,Al-Habasha,Arabic
1736,246,FIN,EN,Finland,"common, English and Swedish"
1737,246,FIN,EN,Republic of Finland,"official, English"
1738,246,FIN,EN,Suomi,"common, Finnish"
1739,246,FIN,EN,Suomen tasavalta,"official, Finnish"
1740,246,FIN,EN,Republiken Finland,"official, Swedish"
1741,246,FIN,EN,Suomenmaa,"poetic, Finnish"
1742,246,FIN,EN,Suopma and Suoma dásseváldi,"North Sami, official"
1743,246,FIN,EN,Lää´ddjânnam and Lää´ddjânnam tää´ssvä´ldd,"Skolt Sami, official"
1744,246,FIN,EN,Suomâ and Suomâ täsiväldi,"official, Inari Sami"
1745,246,FIN,EN,Soome,"common, Estonian"
1746,250,FRA,EN,France,"common, English and French"
1747,250,FRA,EN,French Republic,"official, English"
1748,250,FRA,EN,République Française,"official, French"
1749,250,FRA,EN,L'Hexagone,"often journalistic, colloquial French"
1750,250,FRA,EN,Gaul,"former name, English"
1751,250,FRA,EN,Gaule,"former name, French"
1752,250,FRA,EN,Gallia,Contemporary Greek name
1753,250,FRA,EN,Farança,common Arabic
1754,250,FRA,EN,Tsarfat,common Hebrew
1755,266,GAB,EN,Gabon,"common, English"
1756,266,GAB,EN,Gabonese Republic,"official, English"
1757,268,GEO,EN,Georgia,"official, English"
1758,268,GEO,EN,Iberia,"former, English, East Georgia"
1759,268,GEO,EN,Colchis,"former, English, West Georgia"
1760,268,GEO,EN,Iveria,usually used as Christian name
1761,268,GEO,EN,Republic of Georgia,"former, before the 1995 Constitution"
1762,268,GEO,EN,Sakartvelo,Georgian
1763,276,DEU,EN,Germany,"common, English"
1764,276,DEU,EN,Federal Republic of Germany,"official, English*"
1765,276,DEU,EN,Bundesrepublik Deutschland,"official, German*"
1766,276,DEU,EN,Deutschland,"common, German*"
1767,276,DEU,EN,BRD,German initialism*
1768,276,DEU,EN,FRG,English initialism*
1769,276,DEU,EN,Duitsland,"common, Dutch"
1770,276,DEU,EN,Allemagne,"common, French"
1771,276,DEU,EN,Alemania,"common, Spanish"
1772,276,DEU,EN,Germania,"common, Italian"
1773,276,DEU,EN,Nemecko,"common, Czech"
1774,276,DEU,EN,Niemcy,"common, Polish"
1775,276,DEU,EN,Németország,"common, Hungarian"
1776,276,DEU,EN,Former East Germany,"unofficial, English"
1777,276,DEU,EN,Deutsche Demokratische Republik,"official, German"
1778,276,DEU,EN,German Democratic Republic,"official, English"
1779,276,DEU,EN,DDR,German initialism
1780,276,DEU,EN,GDR,English initialism.
1781,288,GHA,EN,Ghana,"common, English"
1782,288,GHA,EN,Gold Coast,"colonial, English"
1783,288,GHA,EN,United Gold Coast Convention,UGCC
1784,288,GHA,EN,Ghana Tinzuyu,Dagbon
1785,288,GHA,EN,Gaana,Akan
1786,300,GRC,EN,Greece,official English description
1787,300,GRC,EN,Hellas,official and common name
1788,300,GRC,EN,Hellada,common name in Greek
1789,300,GRC,EN,Hellas,official description in Greek
1790,300,GRC,EN,Yunanistan,Turkish
1791,300,GRC,EN,Hellenic Republic,"official name of Greek state, English"
1792,300,GRC,EN,Yavan,common Hebrew
1793,324,GIN,EN,The Republic of Guinea,official
1794,324,GIN,EN,Guinea,common
1795,624,GNB,EN,Guinea-Bissau,"common, English"
1796,624,GNB,EN,Portuguese Guinea,"former, English"
1797,624,GNB,EN,Republic of Guinea-Bissau,"official, English"
1798,624,GNB,EN,Guiné-Bissao,"archaic, Portuguese"
1799,624,GNB,EN,Guinea,"shorthand, used when context clearly distinguishes Guinea-Bissau from the neighboring Republic of Guinea"
1800,348,HUN,EN,Hungary,"official, English"
1801,348,HUN,EN,Republic of Hungary,official between 1946–1949 and 1989–2012
1802,348,HUN,EN,Hungarian People's Republic,"official, 1918–1919 and 1949–1989"
1803,348,HUN,EN,Kingdom of Hungary,1000–1918 and 1920–1946
1804,348,HUN,EN,Regnum Hungari,"official in Latin, the language of administration until 1844"
1805,348,HUN,EN,Hungaria,"short form, Latin"
1806,348,HUN,EN,Magyarország,official Hungarian name; has been the commonly used form of the name during all its history
1807,348,HUN,EN,Magyar Köztársaság,Hungarian for Republic of Hungary
1808,348,HUN,EN,Magyar Népköztársaság,Hungarian for People's Republic of Hungary
1809,348,HUN,EN,Magyar Tanácsköztársaság,Hungarian name of the first People's Republic
1810,348,HUN,EN,Magyar Királyság,Hungarian for Kingdom of Hungary
1811,352,ISL,EN,Iceland,"official, English"
1812,352,ISL,EN,Republic of Iceland,official English description
1813,352,ISL,EN,Ísland,official Icelandic name
1814,352,ISL,EN,Lýðveldið Ísland,official Icelandic description
1815,352,ISL,EN,Fold,poetic name
1816,352,ISL,EN,Thule,"Latin name, also poetic"
1817,352,ISL,EN,Frón,poetic
1818,352,ISL,EN,Ísafold,poetic
1819,356,IND,EN,India,"common, English"
1820,356,IND,EN,Bharat,official name in Hindi
1821,356,IND,EN,Bharat Ganarajya,official long form in Hindi
1822,356,IND,EN,Bharata,Kannada
1823,356,IND,EN,Bharatadesam,Telugu
1824,356,IND,EN,Republic of India,official long form in English
1825,356,IND,EN,Union of India,semi-official name
1826,356,IND,EN,Hindustan,unofficial name in Hindi/Urdu
1827,356,IND,EN,Al-Hind,name in Arabic/Persian/Urdu
1828,356,IND,EN,Bharat Prajatantra,official long form in Bengali
1829,356,IND,EN,Bharatavarsa,name in Sanskrit
1830,356,IND,EN,Hodu,name in Hebrew
1831,356,IND,EN,Aryavarta,obsolete name
1832,356,IND,EN,Jumhuriyat-e Bharat,name in Urdu.
1833,360,IDN,EN,Indonesia,common
1834,360,IDN,EN,Republic of Indonesia,"official, English"
1835,360,IDN,EN,Republik Indonesia,"official, Indonesian"
1836,360,IDN,EN,Nusantara,dating back from Hindu era
1837,360,IDN,EN,Insulinde,from the Colonial era
1838,360,IDN,EN,Indunesia,suggestion for Dutch East Indies' modern name
1839,360,IDN,EN,Indonesië,"common, Dutch"
1840,360,IDN,EN,Dutch East Indies or Netherlands East-Indies,"former, English"
1841,360,IDN,EN,Nederlandsch-Indië,"former, Dutch"
1842,360,IDN,EN,Hindia Belanda,"former, Indonesian"
1843,364,IRN,EN,Islamic Republic or Iran,official
1844,364,IRN,EN,Iran,common
1845,364,IRN,EN,Persia,coined by ancient Greeks
1846,368,IRQ,EN,Iraq,common
1847,368,IRQ,EN,Mesopotamia,former name
1848,368,IRQ,EN,Assyria,former/historical name
1849,368,IRQ,EN,Babylon,former/historical name
1850,372,IRL,EN,Ireland,"common and official, English"
1851,372,IRL,EN,Éire,official Irish name
1852,372,IRL,EN,Irish Free State,1922–1937
1853,372,IRL,EN,Poblacht na hÉireann,official Irish description
1854,372,IRL,EN,Republic of Ireland,unofficial English description
1855,372,IRL,EN,Saorstát Éireann,Irish 1922–1937
1856,372,IRL,EN,"Erin, Banba, Fodla",three poetic names
1857,372,IRL,EN,Hibernia,"Latin name, also poetic"
1858,376,ISR,EN,Israel,common
1859,376,ISR,EN,State of Israel,official English name
1860,376,ISR,EN,Zion,historical Jewish name for Jerusalem
1861,376,ISR,EN,Yehuda,Hebrew for the ancient land of Judea
1862,376,ISR,EN,the Jewish State,unofficial
1863,376,ISR,EN,the Hebrew State,unofficial
1864,376,ISR,EN,the Holy Land,Bible
1865,376,ISR,EN,Eretz Yisrael,Bible
1866,376,ISR,EN,Tel Aviv regime,used in Iran's news media
1867,376,ISR,EN,the Zionist entity,"referred to Arabs and Muslims, also used by Iran's news media"
1868,376,ISR,EN,Occupied Palestine,"used by Arabs and Muslims, as well as pro-Palestinian supporters"
1869,376,ISR,EN,Illegal State of Zion,"sometimes used by Arabs, Muslims, and pro-Palestinian supporters"
1870,376,ISR,EN,Zionistan,"sometimes used by Arabs, Muslims, and pro-Palestinian supporters"
1871,376,ISR,EN,Herzlstan,"used by pro-Palestinans and anti-Zionist Jews, named after Theodore Herzl"
1872,380,ITA,EN,Italy,common
1873,380,ITA,EN,Repubblica Italiana,official Italian name
1874,380,ITA,EN,Italia,"common, Italian"
1875,380,ITA,EN,the Beautiful Country,nickname
1876,380,ITA,EN,the Boot,journalistic
1877,380,ITA,EN,"Ausonia, Esperia, Enotria, Tirrenia",poetic names
1878,388,JAM,EN,Jamaica,common
1879,388,JAM,EN,Xamayca,Spanish version of Taino name
1880,392,JPN,EN,Japan,common
1881,392,JPN,EN,Nippon,official name in Japanese
1882,392,JPN,EN,Nihon,alternate
1883,392,JPN,EN,Yamato,"historic, ancient Japan"
1884,392,JPN,EN,Oyashima,"meaning the country of eight great islands, historic"
1885,392,JPN,EN,Cipangu/Zipangu,appeared in The Travels of Marco Polo in the 13th century
1886,392,JPN,EN,Gipangu,appeared in The Travels of Marco Polo in the 13th century
1887,392,JPN,EN,Hinomoto,
1888,400,JOR,EN,Jordan,common
1889,400,JOR,EN,Hashemite Kingdom of Jordan,"official, English"
1890,398,KAZ,EN,Kazakhstan,"common, English"
1891,398,KAZ,EN,Republic of Kazakhstan,official English long name
1892,398,KAZ,EN,Kazakhstan,English passport short name
1893,398,KAZ,EN,Republic of Kazakhstan,English passport long name
1894,398,KAZ,EN,Qazaqstan,Kazakh short name in Latin script
1895,398,KAZ,EN,Alash / ???? / Alas,"former name, also poetic"
1896,398,KAZ,EN,Kazakh Soviet Socialist Republic,"former Soviet name, English"
1897,404,KEN,EN,Kenya,conventional short form
1898,404,KEN,EN,Republic of Kenya,"official, English"
1899,404,KEN,EN,Jamhuri ya Kenya,"official, Swahili"
1900,404,KEN,EN,British East Africa Protectorate,former name 1880s until 1920
1901,404,KEN,EN,Kenya Colony,former name 1920 until 1963
1902,408,PRK,EN,North Korea,"common, English"
1903,408,PRK,EN,Democratic People's Republic of Korea,"official, English"
1904,408,PRK,EN,D.P.R.K.,"initialism, English"
1905,408,PRK,EN,DPRK,"initialism, English"
1906,408,PRK,EN,Choson Minjujuui Inmin Konghwaguk,"official, Korean"
1907,408,PRK,EN,Cho-son,"colloquial, Korean"
1908,408,PRK,EN,Korea,conventional short form
1909,410,KOR,EN,South Korea,"common, English"
1910,410,KOR,EN,Republic of Korea,"official, English"
1911,410,KOR,EN,R.O.K.,"initialism, English"
1912,410,KOR,EN,ROK,"initialism, English"
1913,410,KOR,EN,Dae-han-min-guk,"official, Korean"
1914,410,KOR,EN,Han-guk,"colloquial, Korean"
1915,410,KOR,EN,Korea,conventional short form
1916,410,KOR,EN,Korea Republic,FIFA designation
1917,417,XKX,EN,Kyrgyzstan,"common, English"
1918,417,KGZ,EN,Kyrgyz Republic,official English long name
1919,417,KGZ,EN,Kyrgyz Respublikasy,Kyrgyz short name in Latin script
1920,417,KGZ,EN,Kyrgyzskaya Respublika,Russian short name in Latin script
1921,417,KGZ,EN,Kirghiz Soviet Socialist Republic,"former Soviet name, English"
1922,417,KGZ,EN,Kyrgyz Sovettik Sotsialisttik Respublikasy,"former Soviet name, Kyrgyz"
1923,417,KGZ,EN,Kirgizskaya Sovetskaya Sotsialisticheskaya Respublika,"former Soviet name, Russian"
1924,417,KGZ,EN,Kirghizia,former common English name prior to 1991
1925,417,KGZ,EN,Kirgizstan,Russian transliteration of the English name
1926,417,KGZ,EN,Republic of Kyrgyzstan,"official English long name, 1990–1993"
1927,418,LAO,EN,Laos,"common, English"
1928,418,LAO,EN,Lao People's Democratic Republic,"official, English"
1929,418,LAO,EN,Sathalanalat Paxathipatai Paxaxôn,romanized Lao
1930,418,LAO,EN,République démocratique populaire lao,French
1931,428,LVA,EN,Latvia,"common, English"
1932,428,LVA,EN,Latvija,"common, Latvian"
1933,428,LVA,EN,Lettland,"German, Swedish"
1934,428,LVA,EN,Letland,"Dutch, Danish"
1935,428,LVA,EN,Letonija,Serbian
1936,428,LVA,EN,Letonnie,French
1937,422,LBN,EN,Lebanon,"common, English"
1938,422,LBN,EN,The Lebanese Republic,"official, English"
1939,422,LBN,EN,Al-Jumhuriyya Al-Lubnaniyya,"official, Arabic"
1940,422,LBN,EN,Lebnan,"Common, Arabic"
1941,422,LBN,EN,Lubnan,"Common, Arabic"
1942,422,LBN,EN,Liban,"Common, French"
1943,422,LBN,EN,Levanon,"Common, Hebrew"
1944,426,LSO,EN,Lesotho,"common, English"
1945,426,LSO,EN,Basutoland,"former, English"
1946,426,LSO,EN,Kingdom of Lesotho,"official, English"
1947,440,LTU,EN,Lithuania,"common, English"
1948,440,LTU,EN,Lietuva,"common, Lithuanian"
1949,440,LTU,EN,Lietuvos Respublika,"official, Lithuanian"
1950,440,LTU,EN,Lita,"common, Yiddish/Hebrew"
1951,442,LUX,EN,Luxembourg,"common, English"
1952,442,LUX,EN,Grand Duchy of Luxembourg,"official, English"
1953,442,LUX,EN,Groussherzogdem Lëtzebuerg,"official, Luxembourgish"
1954,442,LUX,EN,Lëtzebuerg,"common, Luxembourgish"
1955,442,LUX,EN,Grand-Duché de Luxembourg,"official, French"
1956,442,LUX,EN,Luxembourg,"common, French"
1957,442,LUX,EN,Großherzogtum Luxemburg,"official, German"
1958,442,LUX,EN,Luxemburg,"common, German"
1959,442,LUX,EN,Luxemburgo,"common, Spanish & Portuguese"
1960,442,LUX,EN,Lussemburgo,"common, Italian"
1961,450,MDG,EN,Madagascar,common
1962,450,MDG,EN,Madagasikara,Malagasy
1963,450,MDG,EN,Republic of Madagascar,"official, English"
1964,450,MDG,EN,Repoblikan'i Madagasikara,"official, Malagasy"
1965,450,MDG,EN,République de Madagascar,"official, French"
1966,454,MWI,EN,Malawi,common
1967,454,MWI,EN,Nyasaland,"former, English"
1968,454,MWI,EN,Republic of Malawi,"official, English"
1969,458,MYS,EN,Malaysia,official
1970,458,MYS,EN,Persekutuan Malaysia,"colloquial long form, Malay"
1971,458,MYS,EN,Federation of Malaysia,"colloquial long form, English"
1972,458,MYS,EN,"Malaya, Sabah and Sarawak","former, English names of the various components"
1973,458,MYS,EN,Tanah Melayu or Malay Land,"former, Malay"
1974,458,MYS,EN,Maláixiyà,"common, Mandarin"
1975,458,MYS,EN,Malesiya,"common, Tamil"
1976,462,MDV,EN,Maldives,common
1977,462,MDV,EN,Republic of the Maldives,official
1978,462,MDV,EN,The Maldive Islands,"colloquial, colonial"
1979,462,MDV,EN,Dhivehi Raajje,"official, Dhivehi"
1980,462,MDV,EN,Mahal Dvipa,"ancient, Sanskrit"
1981,462,MDV,EN,Maléldvipa,"ancient, Sanskrit"
1982,462,MDV,EN,Dhibat-al-Mahal,"ancient, Arabic"
1983,478,MRT,EN,Mauritania,common
1984,478,MRT,EN,Islamic Republic of Mauritania,"official, English"
1985,478,MRT,EN,République Islamique de Mauritanie,"official, French"
1986,484,MEX,EN,Mexico,shortened form
1987,484,MEX,EN,United Mexican States,"official, English"
1988,484,MEX,EN,Estados Unidos Mexicanos,"official, Spanish"
1989,484,MEX,EN,México,Spanish short form
1990,484,MEX,EN,República Mexicana,"colloquial, Spanish"
1991,484,MEX,EN,Méjico,Spanish variant
1992,484,MEX,EN,MEX,initialism
1993,484,MEX,EN,MX,initialism
1994,484,MEX,EN,Aztlán,"Spanish, Nahuatl"
1995,484,MEX,EN,Aztlan,"Spanish, Nahuatl"
1996,498,MDA,EN,Moldova,common
1997,498,MDA,EN,Republic of Moldova,official
1998,498,MDA,EN,Republica Moldova,"official, Moldovan and Romanian"
1999,498,MDA,EN,Moldavian Soviet Socialist Republic,"former Soviet name, English"
2000,498,MDA,EN,"Bessarabia, Bassarabia","historic name, still used by irredentists"
2001,498,MDA,EN,Bogdan,"'Land of Voyvoda I. Bogdan', former common and official name during Ottoman Empire, Turkish"
2002,498,MDA,EN,Moldavia,alternative name in English
2003,498,MDA,EN,Moldau,alternative name in German
2004,504,MAR,EN,Morocco,common
2005,504,MAR,EN,Kingdom of Morocco,official
2006,504,MAR,EN,Al Mamkaka Al Maghribiya,"official, Arabic"
2007,504,MAR,EN,Maghreb,English
2008,499,MNE,EN,Montenegro,"official, English and other languages"
2009,499,MNE,EN,Crna Gora,"official, Montenegrin, Serbian and Croatian"
2010,499,MNE,EN,Republic of Montenegro,official until 2007
2011,499,MNE,EN,Republika Crna Gora,official until 2007
2012,499,MNE,EN,Mali i Zi,"official, Albanian"
2013,499,MNE,EN,Karadag,"official, Turkish"
2014,499,MNE,EN,Duklja,name in medieval times
2015,499,MNE,EN,Zeta,alternative name in medieval times
2016,499,MNE,EN,Black Mountain,literal translation into English
2017,104,MMR,EN,Myanmar,common
2018,104,MMR,EN,Republic of the Union of Myanmar,official
2019,104,MMR,EN,Burma,colloquial
2020,528,NLD,EN,Netherlands,"official, English"
2021,528,NLD,EN,Kingdom of the Netherlands,"official, English"
2022,528,NLD,EN,Koninkrijk der Nederlanden,"official, Dutch"
2023,528,NLD,EN,Nederland,Dutch
2024,528,NLD,EN,Holland,"pars pro toto, English, Dutch and other languages"
2025,528,NLD,EN,Batavia,"former and poetic, English, Dutch and other languages"
2026,528,NLD,EN,Pays-Bas,French
2027,524,NPL,EN,Nepal,"common, English"
2028,524,NPL,EN,Federal Democratic Republic Of Nepal,"official, English"
2029,554,NZL,EN,New Zealand,"official, English"
2030,554,NZL,EN,Aotearoa,"official, Maori"
2031,554,NZL,EN,Realm of New Zealand,"official English name including Cook Islands, Niue, Tokelau, and Ross Dependency"
2032,554,NZL,EN,Dominion of New Zealand,"former official, English"
2033,807,MKD,EN,North Macedonia,shortened form
2034,807,MKD,EN,Republic of North Macedonia,official
2035,807,MKD,EN,Republic of Macedonia,former
2036,807,MKD,EN,The former Yugoslav Republic of Macedonia,former
2037,807,MKD,EN,Paeonia,"Latin name, poetic"
2038,807,MKD,EN,Vardar Banovina,former Yugoslav province
2039,578,NOR,EN,Norway,"common, English"
2040,578,NOR,EN,Norge,"common, Norwegian Bokmål, Danish, Swedish"
2041,578,NOR,EN,Noreg,"common, Norwegian Nynorsk"
2042,578,NOR,EN,Kingdom of Norway,"official, English"
2043,578,NOR,EN,Kongeriket Norge,"official, Norwegian Bokmål"
2044,578,NOR,EN,Kongeriket Noreg,"official, Norwegian Nynorsk"
2045,512,OMN,EN,Oman,"official, English"
2046,512,OMN,EN,Sultanate of Oman,"official, English"
2047,586,PAK,EN,Pakistan,"common, English"
2048,586,PAK,EN,Islamic Republic of Pakistan,"official and constitutional, English"
2049,586,PAK,EN,Federation of Pakistan,"alternate official name, English"
2050,586,PAK,EN,Dominion of Pakistan,"historic official name, English"
2051,586,PAK,EN,West Pakistan,common and later official name before the secession of Bangladesh
2052,586,PAK,EN,Sindhustan and Indoscythia,unofficial historical names
2053,586,PAK,EN,Mumlikat-e Khudadaad Pakistan,"The God-given realm of Pakistan, unofficial, used in literature mostly, Urdu"
2054,585,PLW,EN,Palau,"common, English"
2055,585,PLW,EN,Republic of Palau,"official, English"
2056,585,PLW,EN,Belau,"common, Palauan"
2057,275,PSE,EN,Palestine,"common, English"
2058,275,PSE,EN,State of Palestine,"English name, official, semi-international designation"
2059,275,PSE,EN,Medinat Palestina,Hebrew name
2060,275,PSE,EN,Dawlat Filastin,official Arabic name
2061,275,PSE,EN,the Holy Land,Bible
2062,275,PSE,EN,Eretz Yisrael,Bible
2063,275,PSE,EN,Filastin,"common name, Arabic"
2064,275,PSE,EN,Palestina,"common name, Hebrew"
2065,275,PSE,EN,Palestinian National Authority,"English name, alternate official"
2066,275,PSE,EN,as-Sul?a al-Filastiniya,"Arabic name, alternate official"
2067,275,PSE,EN,West Bank and Gaza Strip,territorial names
2068,275,PSE,EN,Palestinian territories,"official name, English"
2069,275,PSE,EN,al-Aradi al-Filastiniyya,"official name, Arabic"
2070,275,PSE,EN,Occupied Palestinian Territory / Occupied Palestinian Territories,"International designation, English"
2071,275,PSE,EN,Israeli-occupied territories,"name of the territories occupied by Israel since 1967, English"
2072,275,PSE,EN,Mandatory Palestine,"former name, English"
2073,604,PER,EN,Peru,"common, English"
2074,604,PER,EN,Republic of Peru,"official, English"
2075,604,PER,EN,República del Perú,"official, Spanish"
2076,604,PER,EN,Perú,"common, Spanish"
2077,604,PER,EN,Peruvian Republic,"former official name, English"
2078,604,PER,EN,República Peruana,"former official name, Spanish"
2079,608,PHL,EN,Philippines,"common, English"
2080,608,PHL,EN,Repúblika ng Pilipinas,"official, Filipino"
2081,608,PHL,EN,Republic of the Philippines,"official, English"
2082,608,PHL,EN,Pilipinas,"common, corruption of the Spanish, Filipinas"
2083,608,PHL,EN,Filipinas,common Spanish and other local languages
2084,608,PHL,EN,Las Islas Filipinas,"named after Philip II of Spain, historical, Spanish"
2085,608,PHL,EN,Las Islas Felipenas,"historical, by Ruy López de Villalobos"
2086,608,PHL,EN,Pinás,colloquial
2087,608,PHL,EN,PH,"official initialism, changed from RP to avoid confusion with Poland; see below"
2088,608,PHL,EN,Philippine Islands,"historic; official name under American control; also used colloquially, English"
2089,608,PHL,EN,Filipina,"common, Malay"
2090,608,PHL,EN,Haríng Bayang Katagalugan,"Sovereign Tagalog Nation, historical, by Andrés Bonifacio"
2091,608,PHL,EN,Islas de San Lázaro,"Isles of Saint Lazarus, historical, by Ferdinand Magellan"
2092,616,POL,EN,Poland,"common, English"
2093,616,POL,EN,Republic of Poland,"official, English"
2094,616,POL,EN,Rzeczpospolita Polska,"official, Polish"
2095,616,POL,EN,Polska,"common, Polish"
2096,616,POL,EN,RP,"often journalistic, Polish"
2097,616,POL,EN,People's Republic of Poland,"former Communist name, English"
2098,616,POL,EN,Polska Rzeczpospolita Ludowa,"former Communist name, Polish"
2099,616,POL,EN,Rzeczpospolita,"historic common name, Polish"
2100,616,POL,EN,Polish–Lithuanian Commonwealth,"historic official name, English"
2101,616,POL,EN,Rzeczpospolita Obojga Narodów,"historic official name, Polish"
2102,616,POL,EN,United Commonwealth of the Two Nations,"historic official name, English"
2103,616,POL,EN,Polonia,"poetic, Latin and Polish"
2104,616,POL,EN,Lechia,"historic and poetic original name, Latin, Polish, and English"
2105,620,PRT,EN,Portugal,common
2106,620,PRT,EN,Portuguese Republic,"official, English"
2107,620,PRT,EN,Lusitania,"official, Latin"
2108,620,PRT,EN,Galaico-Portuguese nation,Celtic Gale and Roman-Celtic Portus Cale
2109,620,PRT,EN,Portucale from the Gallaeci tribe,Celtic Gale and Roman-Celtic Portus Cale
2110,620,PRT,EN,Galician-Portuguese,ethnic term derived from the original language
2111,620,PRT,EN,Ophiussa,ancient Greek
2112,620,PRT,EN,Ophiusa,ancient Greek
2113,620,PRT,EN,Portugalensis patrie,
2114,620,PRT,EN,Portugalensium patrie and Portugaliae,by King Afonso I
2115,620,PRT,EN,Regno Portugalensium,"Latin, Medieval"
2116,620,PRT,EN,Portugalis,"Latin, Medieval"
2117,620,PRT,EN,Portugalliae et Algarbiae,
2118,620,PRT,EN,"Portugalliae, Lusitaniae",Latin
2119,620,PRT,EN,Purtugall,Middle Ages
2120,620,PRT,EN,Burtughal,Arabic
2121,620,PRT,EN,Portingall,common classical English and other late medieval Germanic languages
2122,620,PRT,EN,Portingal,common classical English and other late medieval Germanic languages
2123,620,PRT,EN,Ocidental Praia Lusitana,Western Lusitanian Beach
2124,620,PRT,EN,Pátria Lusitana,Lusitanian Fatherland
2125,620,PRT,EN,Luxitania,Port of Grail in Esotericism and metaphysical literature
2126,620,PRT,EN,Portugraal,Port of Grail in Esotericism and metaphysical literature
2127,630,PRI,EN,Puerto Rico,"common, English and Spanish"
2128,630,PRI,EN,Estado Libre Asociado de Puerto Rico,"official, Spanish"
2129,630,PRI,EN,Commonwealth of Puerto Rico,"official, English"
2130,630,PRI,EN,Porto Rico,"archaic, English"
2131,630,PRI,EN,Associated Free State of Puerto Rico,non-official literal translation to English of the official Spanish name
2132,630,PRI,EN,"Borikén, Borinquen, or Borinken",former Taíno name also used colloquially and among nationalists
2133,178,COG,EN,Republic of the Congo,"official, English"
2134,178,COG,EN,Congo,common
2135,178,COG,EN,Congo Brazzaville,used in contrast to Congo Kinshasa
2136,178,COG,EN,French Congo,"former name during French colonization, 1880 to 1910, English"
2137,642,ROU,EN,Romania,common
2138,642,ROU,EN,România,"official, Romanian"
2139,642,ROU,EN,Rumania or Roumania,"archaic, English"
2140,642,ROU,EN,Kingdom of Romania,"name under monarchy, English"
2141,642,ROU,EN,Regatul României,"name under monarchy, Romanian"
2142,642,ROU,EN,Romanian People's Republic,"former Communist name, English"
2143,642,ROU,EN,Republica Populara Romîna,"former Communist name, Romanian"
2144,642,ROU,EN,Socialist Republic of Romania,"former Communist name, English"
2145,642,ROU,EN,Republica Socialista România,"former Communist name, Romanian"
2146,643,RUS,EN,Russian Federation,official English description
2147,643,RUS,EN,Russia,"official and common name, ambiguous, English"
2148,643,RUS,EN,"Russland,",German
2149,643,RUS,EN,Rossiya,"common, Russian"
2150,643,RUS,EN,RF,initialism
2151,643,RUS,EN,Russian Socialist Federative Soviet Republic,"former name, 1918–1936"
2152,643,RUS,EN,Russian Soviet Federative Socialist Republic,"former name, 1936–1991"
2153,643,RUS,EN,RSFSR,former name initialism
2154,643,RUS,EN,Soviet Union,former name
2155,643,RUS,EN,Union of Soviet Socialist Republics,official former name
2156,643,RUS,EN,USSR,former initialism
2157,643,RUS,EN,Soyuz Sovetskikh Sotsialisticheskikh Respublik,"former official name, transliterated"
2158,643,RUS,EN,SSSR,former initialism
2159,643,RUS,EN,SU,"common, but former initialism"
2160,643,RUS,EN,Sovetskiy Soyuz,"common former name, transliterated"
2161,643,RUS,EN,Rus,"poetic or obsolete name, ambiguous"
2162,643,RUS,EN,Great Russia,obsolete name
2163,646,RWA,EN,Rwanda,common
2164,646,RWA,EN,Rwandese Republic,"official, English"
2165,646,RWA,EN,Republic of Rwanda,"official, English, former"
2166,646,RWA,EN,République du Rwanda,"official, French"
2167,646,RWA,EN,Repubulika y'u Rwanda,"official, Kinyarwanda"
2168,646,RWA,EN,Pays des mille collines,"poetic, French"
2169,646,RWA,EN,Ruanda,former colonial name
2170,659,KNA,EN,Saint Kitts and Nevis,common
2171,659,KNA,EN,Federation of Saint Kitts and Nevis,"co-official, English"
2172,659,KNA,EN,Federation of Saint Christopher and Nevis,"co-official, English"
2173,659,KNA,EN,Saint Christopher and Nevis,"alternate short-form, English"
2174,659,KNA,EN,Saint Christopher-Nevis-Anguilla,"former official, English"
2175,659,KNA,EN,Saint Kitts-Nevis-Anguilla,"former common, English"
2176,659,KNA,EN,Saint Kitts or Saint Christopher,"shorthand, English"
2177,659,KNA,EN,Liamuiga and Oualie,"former indigenous names of the islands of Saint Kitts and Nevis, respectively"
2178,670,VCT,EN,Saint Vincent and the Grenadines,common
2179,670,VCT,EN,Hairouna,"former indigenous name, Carib"
2180,682,SAU,EN,Saudi Arabia,"common, English"
2181,682,SAU,EN,Kingdom of Saudi Arabia,"official, English"
2182,682,SAU,EN,KSA,initialism
2183,682,SAU,EN,Saudia,"former in English, common in Arabic"
2184,682,SAU,EN,Al-Mamlaka al-Arabiyya as-Saudiyya,official name in Arabic
2185,682,SAU,EN,"Hijaz, Saudi regime",used in Iran's news media
2186,682,SAU,EN,Arav haSa'udit,name in Hebrew
2187,688,SRB,EN,Serbia,"common, English"
2188,688,SRB,EN,Republic of Serbia,"official, English"
2189,688,SRB,EN,Servia,"archaic, English"
2190,688,SRB,EN,Srbija,"common, Serbian"
2191,688,SRB,EN,Republika Srbija,"official, Serbian"
2192,688,SRB,EN,Serbia and Montenegro,"former common, English"
2193,688,SRB,EN,Yugoslavia,"former common, English"
2194,688,SRB,EN,Raška,alternative name in medieval times
2195,688,SRB,EN,Serboslavia,"derogatory, used by the rule of Slobodan Miloševic"
2196,702,SGP,EN,Singapore,"common, English"
2197,702,SGP,EN,Republic of Singapore,"official, English"
2198,702,SGP,EN,Singapura,"common, Malay"
2199,702,SGP,EN,Sinhapura,"Sanskrit, i.e., Land of Lions"
2200,702,SGP,EN,Xinjiapo,"common, Chinese"
2201,702,SGP,EN,Cinjkappur,"common, Tamil"
2202,702,SGP,EN,Pulau Ujong,"historical, ancient"
2203,702,SGP,EN,Shonan-to,"former, Japanese occupation"
2204,702,SGP,EN,little red dot,colloquial; originally derogatory
2205,703,SVK,EN,Slovakia,"common, English"
2206,703,SVK,EN,Slovak Republic,"official, English"
2207,703,SVK,EN,Slovensko,"common, Slovak"
2208,703,SVK,EN,Slovenská republika,"official, Slovak"
2209,703,SVK,EN,SR,English and Slovak initialism
2210,703,SVK,EN,Slovak Socialist Republic,"former name, 1969 to 1990"
2211,703,SVK,EN,Slovenská socialistická republika,"former name, Slovak"
2212,703,SVK,EN,SSR,English and Slovak initialism
2213,705,SVN,EN,Slovenia,"common, English"
2214,705,SVN,EN,Republic of Slovenia,"official, English"
2215,705,SVN,EN,Slovenija,"common, Slovenian"
2216,705,SVN,EN,Republika Slovenija,"official, Slovenian"
2217,705,SVN,EN,RS,English and Slovenian initialism
2218,710,ZAF,EN,South Africa,"common, English"
2219,710,ZAF,EN,"Azania, Mzansi","Xhosa, for South"
2220,710,ZAF,EN,Suid-Afrika,"official, Afrikaans"
2221,710,ZAF,EN,Zuid-Afrika,"former official, Dutch"
2222,710,ZAF,EN,Union of South Africa,"Colonial, pre-1961"
2223,724,ESP,EN,Spain,"common, English"
2224,724,ESP,EN,España,"common, Spanish"
2225,724,ESP,EN,Kingdom of Spain,"official, English"
2226,724,ESP,EN,Reino de España,"official, Spanish"
2227,724,ESP,EN,Espanya,"common, Catalan"
2228,724,ESP,EN,Hispania,Latin
2229,724,ESP,EN,Espainia,"common, Euskera"
2230,724,ESP,EN,Spanish State,former name
2231,724,ESP,EN,La piel de toro,Spanish
2232,724,ESP,EN,La pell de brau,Catalan
2233,724,ESP,EN,Las Batuecas,derogatory name used in the works of Mariano José de Larra
2234,724,ESP,EN,Iberia,"Latin, for the peninsula which includes modern Portugal"
2235,724,ESP,EN,Sepharad,"common, Hebrew"
2236,144,LKA,EN,Sri Lanka,"common, Sanskrit, English"
2237,144,LKA,EN,Ceylon,"former, English"
2238,144,LKA,EN,Democratic Socialist Republic of Sri Lanka,"official, English"
2239,144,LKA,EN,Heladiva,"Land of Sinhalese former, Sinhala"
2240,144,LKA,EN,Ratnadeepa,"Island of Gems ormer, Sinhala"
2241,144,LKA,EN,elangai,"common, Tamil"
2242,144,LKA,EN,Taprobane,one of the medieval names of Sri Lanka
2243,729,SDN,EN,Sudan,common
2244,729,SDN,EN,Republic of the Sudan,"official, English"
2245,729,SDN,EN,The Sudan,alternate English
2246,729,SDN,EN,Anglo-Egyptian Sudan,"colonial name, English"
2247,729,SDN,EN,Mahdist State,former English unofficial
2248,729,SDN,EN,Nubia,"ancient name, also poetic"
2249,740,SUR,EN,Suriname,"common, English"
2250,740,SUR,EN,Dutch Guiana,"former, English"
2251,740,SUR,EN,Netherlands Guiana,"former official, English"
2252,740,SUR,EN,Republic of Suriname,"official, English"
2253,740,SUR,EN,Republiek Suriname,"official, Dutch"
2254,740,SUR,EN,Surinam,English name until 1978
2255,752,SWE,EN,Sweden,"common, English"
2256,752,SWE,EN,Sverige,"common, Swedish, Danish, Norwegian"
2257,752,SWE,EN,Konungariket Sverige,"official, Swedish"
2258,752,SWE,EN,Kingdom of Sweden,"official, English"
2259,752,SWE,EN,Svea Rike,"possibly former/poetical, Swedish"
2260,752,SWE,EN,Thule,"Latin name, also poetic"
2261,752,SWE,EN,Svitjod,Old Norse
2262,756,CHE,EN,Switzerland,"common, English"
2263,756,CHE,EN,Swiss Confederation,"official, English"
2264,756,CHE,EN,Schweiz,"common, German, Danish, Swedish"
2265,756,CHE,EN,Schweizerische Eidgenossenschaft,"official, German"
2266,756,CHE,EN,Suisse,"common, French"
2267,756,CHE,EN,Confédération suisse,"official, French"
2268,756,CHE,EN,Svizzera,"common, Italian"
2269,756,CHE,EN,Confederazione Svizzera,"official, Italian"
2270,756,CHE,EN,Svizra,"common, Romansh"
2271,756,CHE,EN,Confederaziun Svizra,"official, Romansh"
2272,756,CHE,EN,"Confoederatio Helvetica, Helvetia","Latin, sometimes used officially"
2273,756,CHE,EN,CH,initialism
2274,834,TZA,EN,Tanzania,"common, English"
2275,834,TZA,EN,United Republic of Tanganyika and Zanzibar,"former, English"
2276,834,TZA,EN,United Republic of Tanzania,"official, English"
2277,834,TZA,EN,Deutsch-Ostafrika,"German East Africa, colonial name until 1918"
2278,834,TZA,EN,Ruanda and Urundi,"German East Africa, colonial name until 1918"
2279,764,THA,EN,Thailand,"common, English"
2280,764,THA,EN,Siam,"former, English"
2281,764,THA,EN,Kingdom of Thailand,"official, English"
2282,780,TTO,EN,Trinidad and Tobago,"common, English"
2283,780,TTO,EN,Iere,"poetic, Land of the Hummingbird, believed to be derived from Arawak"
2284,780,TTO,EN,Republic of Trinidad and Tobago,"official, English"
2285,780,TTO,EN,Trinbago,"informal, English"
2286,788,TUN,EN,Tunisia,official shortform name
2287,788,TUN,EN,Republic of Tunisia,"official, longform"
2288,792,TUR,EN,Turkey,common
2289,792,TUR,EN,Republic of Turkey,"official, English"
2290,792,TUR,EN,Türkiye Cumhuriyeti,"official, Turkish"
2291,792,TUR,EN,Asia Minor,"geographical, English"
2292,792,TUR,EN,Anatolia,"geographical, English"
2293,792,TUR,EN,Ottoman Empire,"former, English"
2294,792,TUR,EN,Turkish Empire,"former unofficial, English"
2295,792,TUR,EN,Porte or Sublime Porte,English descriptions of the former Ottoman state
2296,798,TUV,EN,Tuvalu,English and Tuvaluan
2297,798,TUV,EN,Ellice Islands,"colonial name, English"
2298,804,UKR,EN,Ukraine,official
2299,804,UKR,EN,UA,initialism
2300,804,UKR,EN,UKR,initialism
2301,804,UKR,EN,Kievan Rus,Former name for of East Slavic tribes in Europe from the late 9th to the mid-13th century
2302,804,UKR,EN,Kingdom of Galicia–Volhynia,historic name of Western Ukraine
2303,804,UKR,EN,Kingdom of Ruthenia,historic name of Western Ukraine
2304,804,UKR,EN,Zaporizhian Host,is an adopted name in historiography for the Ukrainian Cossack state on the territory of Dnieper Ukraine and Siveria that existed between 1649 and 1764
2305,784,ARE,EN,United Arab Emirates,shortened form
2306,784,ARE,EN,United Arab Emirates,English
2307,784,ARE,EN,Trucial States,"English, prior to 1971"
2308,784,ARE,EN,Al Emirat al Arabbiya al Muttahida,"official, Arabic"
2309,784,ARE,EN,UAE,English initialism
2310,784,ARE,EN,U.A.E.,English initialism
2311,784,ARE,EN,The Emirates,"colloquial, English"
2312,826,GBR,EN,United Kingdom,shortened form
2313,826,GBR,EN,United Kingdom of Great Britain and Northern Ireland,"official, English"
2314,826,GBR,EN,Britain,alternative
2315,826,GBR,EN,Great Britain,alternative
2316,826,GBR,EN,UK,initialism
2317,826,GBR,EN,U.K.,initialism
2318,826,GBR,EN,United Kingdom,short form
2319,826,GBR,EN,Albion,"poetic, Latin"
2320,826,GBR,EN,Britannia,"poetic, Latin"
2321,826,GBR,EN,Perfidious Albion,"if said by an old enemy, mainly humorous today"
2322,826,GBR,EN,Anglia,"poetic, Latin, refers specifically to England"
2323,826,GBR,EN,Alba,"Scottish, Gaelic-refers specifically to Scotland"
2324,826,GBR,EN,Caledonia,"poetic, Latin-refers specifically to Scotland"
2325,826,GBR,EN,Cymru,"official, Welsh-refers specifically to Wales"
2326,826,GBR,EN,Cambria,"poetic, Latin-refers to Wales"
2327,826,GBR,EN,Ulster,"colloquial, refers specifically to Northern Ireland"
2328,840,USA,EN,United States,shortened form
2329,840,USA,EN,United States of America,official
2330,840,USA,EN,America,alternative
2331,840,USA,EN,the States,alternative
2332,840,USA,EN,US,initialism
2333,840,USA,EN,U.S.,initialism
2334,840,USA,EN,USA,initialism
2335,840,USA,EN,Usa,initialism
2336,840,USA,EN,U.S.A,initialism
2337,840,USA,EN,Columbia,"Latin, poetic"
2338,840,USA,EN,Freedonia,names proposed after American Revolutionary War
2339,840,USA,EN,Appalachia,names proposed after American Revolutionary War
2340,840,USA,EN,Alleghany,names proposed after American Revolutionary War
2341,840,USA,EN,Usonia,used by James Duff Law and popularized by Frank Lloyd Wright
2342,840,USA,EN,Usono,Esperanto; comes from Usona in English
2343,548,VUT,EN,Vanuatu,common
2344,548,VUT,EN,New Hebrides,former name under British and French condominium rule from 1906 to 1980
2345,548,VUT,EN,Niuhebridis,Bislama
2346,548,VUT,EN,Nouvelles Hebrides,former official name in French
2347,548,VUT,EN,République de Vanuatu,French
2348,548,VUT,EN,Ripablik blong Vanuatu,Bislama
2349,548,VUT,EN,Vanuatri,jocular name used in humour
2350,704,VNM,EN,Vietnam,common
2351,704,VNM,EN,An Nam,former name in other foreign languages
2352,704,VNM,EN,Champa,historical kingdom
2353,704,VNM,EN,Giao Chi,former Chinese province or vassal kingdom
2354,704,VNM,EN,French Indochina,"former name under French colonization when united with Laos and Cambodia, English"
2355,704,VNM,EN,Linh Nam,poetic name
2356,704,VNM,EN,Socialist Republic of Vietnam,"official, English"
2357,704,VNM,EN,North Vietnam,Democratic Republic of Vietnam from 1954 to 1975
2358,704,VNM,EN,South Vietnam,Republic of Vietnam from 1954 to 1975
2359,704,VNM,EN,Cong hòa Xã hoi Chu nghia Viet Nam,"official, Vietnamese"
2360,704,VNM,EN,Viet Nam,"short form, Vietnamese"
2361,704,VNM,EN,SRV,English initialism
2362,704,VNM,EN,S.R.V.,English initialism
2363,704,VNM,EN,VN,English initialism
2364,704,VNM,EN,V.N.,English initialism
2365,894,ZMB,EN,Zambia,common
2366,894,ZMB,EN,Northern Rhodesia,"former, English"
2367,894,ZMB,EN,Republic of Zambia,"official, English"
2368,716,ZWE,EN,Zimbabwe,common
2369,716,ZWE,EN,Rhodesia or Republic of Rhodesia,"former names, English"
2370,716,ZWE,EN,Republic of Zimbabwe,"official, English"
2371,716,ZWE,EN,Southern Rhodesia,"former, English"
2372,260,ATF,EN,French S.ern Territories,
2373,710,ZAF,EN,S. Africa,
2374,239,SGS,EN,S. Georgia and the S. Sandwich Islands,
2375,728,SSD,EN,S. Sudan,
2376,410,KOR,EN,S. Korea,"common, English"
2377,710,ZAF,EN,S. Africa,"common, English"
2378,710,ZAF,EN,Union of S. Africa,"Colonial, pre-1961"
2379,704,VNM,EN,S. Vietnam,Republic of Vietnam from 1954 to 1975
2380,716,ZWE,EN,S.ern Rhodesia,"former, English"
2381,807,MKD,EN,N. Macedonia,
2382,580,MNP,EN,N.ern Mariana Islands,
2383,826,GBR,EN,United Kingdom of Great Britain and N.ern Ireland,
2384,408,PRK,EN,N. Korea,"common, English"
2385,807,MKD,EN,N. Macedonia,shortened form
2386,807,MKD,EN,Republic of N. Macedonia,official
2387,826,GBR,EN,United Kingdom of Great Britain and N.ern Ireland,"official, English"
2388,704,VNM,EN,N. Vietnam,Democratic Republic of Vietnam from 1954 to 1975
2389,894,ZMB,EN,N.ern Rhodesia,"former, English"
2390,732,ESH,EN,W.ern Sahara,
2391,586,PAK,EN,W. Pakistan,common and later official name before the secession of Bangladesh
2392,275,PSE,EN,W. Bank and Gaza Strip,territorial names
2393,50,BGD,EN,E. Bengal,former political name
2394,50,BGD,EN,E. Pakistan,former political name
2395,626,TLS,EN,E. Timor,common
2396,276,DEU,EN,Former E. Germany,"unofficial, English"
2397,360,IDN,EN,Dutch E. Indies or Netherlands E.-Indies,"former, English"
2398,404,KEN,EN,British E. Africa Protectorate,former name 1880s until 1920
2399,344,HKG,EN,Hong Kong,
2400,158,TWN,EN,Taiwan,
2401,158,TWN,EN,ROC,
2402,158,TWN,EN,Republic of China,
2403,156,CHN,EN,PRC,